customer,st,gender,education,customer lifetime value,income,monthly premium auto,number of open complaints,policy type,vehicle class,total claim amount,mumber of open complaints
RB50392,Washington,,Master,793690,0,1000,1/0/00,Personal Auto,Four-Door Car,2,1/0/00
QZ44356,Arizona,F,Bachelor,697953,0,94,1/0/00,Personal Auto,Four-Door Car,1131,1/0/00
AI49188,Nevada,F,Bachelor,1288743,48767,108,1/0/00,Personal Auto,Two-Door Car,566,1/0/00
WW63253,California,M,Bachelor,764586,0,106,1/0/00,Corporate Auto,SUV,529,1/0/00
GA49547,Washington,M,High School or Below,536307,36357,68,1/0/00,Personal Auto,Four-Door Car,17,1/0/00
OC83172,Oregon,F,Bachelor,825629,62902,69,1/0/00,Personal Auto,Two-Door Car,159,1/0/00
XZ87318,Oregon,F,College,538089,55350,67,1/0/00,Corporate Auto,Four-Door Car,321,1/0/00
CF85061,Arizona,M,Master,721610,0,101,1/0/00,Corporate Auto,Four-Door Car,363,1/0/00
DY87989,Oregon,M,Bachelor,2412750,14072,71,1/0/00,Corporate Auto,Four-Door Car,511,1/0/00
BQ94931,Oregon,F,College,738817,28812,93,1/0/00,Special Auto,Four-Door Car,425,1/0/00
SX51350,California,M,College,473899,0,67,1/0/00,Personal Auto,Four-Door Car,482,1/0/00
VQ65197,California,,College,819719,0,110,1/0/00,Personal Auto,SUV,528,1/0/00
DP39365,California,,Master,879879,77026,110,1/2/00,Corporate Auto,Four-Door Car,472,1/2/00
SJ95423,Arizona,,High School or Below,881901,99845,110,1/1/00,Corporate Auto,SUV,528,1/1/00
IL66569,California,,College,538443,83689,70,1/2/00,Corporate Auto,Four-Door Car,307,1/2/00
BW63560,Oregon,,Bachelor,746313,24599,64,1/1/00,Corporate Auto,Four-Door Car,42,1/1/00
FV94802,Nevada,,High School or Below,256686,25049,67,1/0/00,Personal Auto,Two-Door Car,454,1/0/00
OE15005,Cali,,College,394524,28855,101,1/0/00,Personal Auto,SUV,647,1/0/00
WC83389,Oregon,,College,571033,51148,72,1/0/00,Personal Auto,Four-Door Car,308,1/0/00
FL50705,California,,High School or Below,816261,66140,101,1/0/00,Corporate Auto,Four-Door Car,484,1/0/00
ZK25313,Oregon,,High School or Below,287205,57749,74,1/0/00,Personal Auto,Two-Door Car,355,1/0/00
QK46697,Washington,M,Bachelors,617710,61040,79,1/1/00,Personal Auto,Two-Door Car,20,1/1/00
YH23384,Arizona,,Bachelor,2412750,14072,71,1/0/00,Personal Auto,Four-Door Car,511,1/0/00
TZ98966,Nevada,,Bachelor,245019,0,73,1/3/00,Corporate Auto,Four-Door Car,554,1/3/00
HM55802,California,,Bachelor,239210,17870,61,1/0/00,Corporate Auto,Four-Door Car,439,1/0/00
FS42516,Oregon,,College,580206,97541,72,1/0/00,Personal Auto,Four-Door Car,389,1/0/00
US89481,California,,Bachelor,394637,0,111,1/0/00,Personal Auto,Four-Door Car,799,1/0/00
HS14476,Washington,M,College,916206,29723,80,1/0/00,Personal Auto,Four-Door Car,20,1/0/00
GE62437,AZ,,College,1290256,86584,111,1/2/00,Personal Auto,Four-Door Car,532,1/2/00
EJ77678,Oregon,,Master,323536,75690,80,1/1/00,Personal Auto,Four-Door Car,384,1/1/00
SV85652,Arizona,,College,245458,23158,63,1/1/00,Personal Auto,Four-Door Car,322,1/1/00
UL64533,Nevada,,High School or Below,1897545,65999,237,1/0/00,Corporate Auto,Luxury SUV,615,1/0/00
PF41800,California,,Bachelor,471532,0,65,1/0/00,Personal Auto,Four-Door Car,308,1/0/00
HD95276,Washington,F,College,473787,0,130,1/0/00,Personal Auto,SUV,23,1/0/00
SK67821,Oregon,,Bachelor,493291,37260,62,1/0/00,Corporate Auto,Four-Door Car,15,1/0/00
YV55495,Arizona,,High School or Below,574422,68987,71,1/0/00,Personal Auto,Four-Door Car,204,1/0/00
KY38074,California,,Bachelor,1389173,42305,117,1/0/00,Personal Auto,Four-Door Car,561,1/0/00
DM79012,Oregon,,Master,738097,65706,91,1/0/00,Personal Auto,Four-Door Car,436,1/0/00
CM61827,Oregon,,Bachelor,309003,0,90,1/0/00,Personal Auto,Two-Door Car,648,1/0/00
WC35801,Arizona,,High School or Below,252163,53243,66,1/2/00,Personal Auto,Four-Door Car,157,1/2/00
QG25316,Nevada,,High School or Below,265206,0,70,1/1/00,Corporate Auto,Two-Door Car,484,1/1/00
MB98372,Oregon,,College,277104,50071,71,1/0/00,Corporate Auto,Two-Door Car,18,1/0/00
IL19217,California,,Bachelor,393900,60021,99,1/0/00,Personal Auto,Four-Door Car,882,1/0/00
SR38658,Arizona,,High School or Below,1223187,43244,103,1/0/00,Personal Auto,Sports Car,494,1/0/00
YD87931,Washington,M,Doctor,495165,46896,35354,1/1/00,Personal Auto,Four-Door Car,31,1/1/00
HG65722,Oregon,,Doctor,1281910,10105,172,1/3/00,Personal Auto,SUV,0,1/3/00
BU27331,Arizona,,Bachelor,446851,0,73,1/3/00,Personal Auto,Four-Door Car,579,1/3/00
XM45289,Oregon,,High School or Below,551434,23218,71,1/0/00,Personal Auto,Two-Door Car,447,1/0/00
KP34198,California,,Bachelor,334387,0,92,1/0/00,Corporate Auto,Four-Door Car,529,1/0/00
SH90947,Arizona,,High School or Below,229447,0,62,1/0/00,Personal Auto,Four-Door Car,313,1/0/00
WE95729,Oregon,,College,3670742,24804,104,1/0/00,Personal Auto,SUV,593,1/0/00
PY51963,California,,Bachelor,3347334,33190,106,1/0/00,Corporate Auto,SUV,508,1/0/00
RB69909,Nevada,,High School or Below,798343,36014,69,1/3/00,Special Auto,Four-Door Car,173,1/3/00
NW21079,Washington,F,Master,487938,67163,61,1/2/00,Personal Auto,Two-Door Car,33,1/2/00
FR46645,California,,Bachelor,429399,16701,113,1/0/00,Personal Auto,Four-Door Car,831,1/0/00
SY17488,Arizona,,College,716439,46623,91,1/0/00,Corporate Auto,Four-Door Car,436,1/0/00
AP67935,California,,College,761951,64749,64,1/0/00,Special Auto,Four-Door Car,302,1/0/00
FS37417,Arizona,,High School or Below,395800,0,101,1/0/00,Personal Auto,SUV,484,1/0/00
ML29312,Oregon,,High School or Below,449949,16969,124,1/2/00,Personal Auto,SUV,704,1/2/00
UB61619,Oregon,,Master,405956,11621,108,1/0/00,Personal Auto,Four-Door Car,518,1/0/00
CD86811,Arizona,,Bachelor,445811,17622,65,1/1/00,Personal Auto,Four-Door Car,312,1/1/00
RU83859,California,,Bachelor,811033,11489,105,1/0/00,Personal Auto,Two-Door Car,504,1/0/00
FG63582,Oregon,,Bachelor,333976,0,94,1/0/00,Personal Auto,Two-Door Car,863,1/0/00
NN71951,California,,High School or Below,2426101,66525,100,1/0/00,Personal Auto,SUV,104,1/0/00
WB37082,Arizona,,Bachelor,661397,0,63,1/0/00,Personal Auto,Four-Door Car,676,1/0/00
SM52139,WA,,College,293069,33663,73,1/0/00,Personal Auto,Four-Door Car,350,1/0/00
FL82372,Oregon,,College,867219,22547,112,1/0/00,Corporate Auto,SUV,537,1/0/00
DP45816,AZ,,High School or Below,1163866,61486,97,1/0/00,Personal Auto,Two-Door Car,465,1/0/00
GW33762,Oregon,,Bachelor,684615,0,95,1/0/00,Personal Auto,Two-Door Car,456,1/0/00
RZ33670,California,,College,1172777,29879,102,1/0/00,Personal Auto,Four-Door Car,500,1/0/00
PY70169,Oregon,,High School or Below,2264383,93011,113,1/0/00,Personal Auto,SUV,281,1/0/00
MO91628,Oregon,,Master,261447,65186,65,1/0/00,Personal Auto,Two-Door Car,5,1/0/00
HW87852,Oregon,,Master,245175,26840,64,1/2/00,Personal Auto,Four-Door Car,307,1/2/00
HB20453,Oregon,,Bachelor,678127,0,104,1/1/00,Personal Auto,Sports Car,982,1/1/00
BN87372,Oregon,,Bachelor,497480,75644,65,1/3/00,Personal Auto,Two-Door Car,467,1/3/00
YX23800,Oregon,,Bachelor,859160,38984,73,1/0/00,Personal Auto,Four-Door Car,350,1/0/00
DZ87709,Oregon,,High School or Below,559216,71811,71,1/0/00,Personal Auto,Four-Door Car,29,1/0/00
XW13033,Nevada,,College,800947,20961,67,1/0/00,Personal Auto,Four-Door Car,321,1/0/00
SP81997,Washington,F,Master,793690,41275,96,1/0/00,Personal Auto,Four-Door Car,41,1/0/00
OM82309,California,,Bachelor,5816655,61321,186,1/1/00,Personal Auto,Luxury Car,427,1/1/00
ZU35962,California,,College,802522,0,77,1/0/00,Personal Auto,Two-Door Car,25,1/0/00
VH85817,California,,High School or Below,578018,51066,74,1/0/00,Personal Auto,Four-Door Car,787,1/0/00
DT85712,California,,Doctor,411853,34378,102,1/0/00,Personal Auto,SUV,489,1/0/00
YJ88573,Nevada,,Master,252307,43072,63,1/0/00,Personal Auto,Four-Door Car,302,1/0/00
SQ19467,Oregon,,College,655421,25222,90,1/0/00,Personal Auto,Four-Door Car,475,1/0/00
YB66933,Washington,F,Bachelor,538275,77552,68,1/1/00,Corporate Auto,Four-Door Car,45,1/1/00
ET79815,California,,College,592672,23091,96,1/5/00,Personal Auto,Four-Door Car,460,1/5/00
QC35222,California,,Bachelor,268347,48269,69,1/3/00,Corporate Auto,Four-Door Car,282,1/3/00
CJ15590,Oregon,,Bachelor,269518,32720,67,1/0/00,Personal Auto,Four-Door Car,321,1/0/00
OI48267,California,,College,604702,20396,76,1/1/00,Personal Auto,Four-Door Car,364,1/1/00
JY67916,Oregon,,College,1317101,21513,119,1/1/00,Personal Auto,Two-Door Car,679,1/1/00
OW15518,Washington,F,College,1595001,0,87,1/1/00,Personal Auto,Two-Door Car,46,1/1/00
CZ33664,Oregon,,Bachelor,252765,80744,63,1/0/00,Corporate Auto,Four-Door Car,11,1/0/00
WK30175,Oregon,,Bachelor,267209,52822,67,1/0/00,Corporate Auto,Two-Door Car,350,1/0/00
ON44465,California,,High School or Below,531329,0,77,1/1/00,Personal Auto,Four-Door Car,863,1/1/00
TV87155,Oregon,,Bachelor,2094619,69738,74,1/1/00,Personal Auto,Four-Door Car,492,1/1/00
KH48895,AZ,,Master,837535,17780,109,1/0/00,Personal Auto,SUV,132,1/0/00
NZ30757,California,,Bachelor,480166,18107,62,1/0/00,Personal Auto,Four-Door Car,297,1/0/00
RI22468,AZ,,Bachelor,574594,57740,74,1/3/00,Personal Auto,Four-Door Car,269,1/3/00
FZ30935,Oregon,,College,606611,32627,76,1/0/00,Personal Auto,Two-Door Car,380,1/0/00
UG93476,California,,College,800230,0,107,1/0/00,Personal Auto,SUV,513,1/0/00
AB96670,California,,College,239391,0,70,1/0/00,Personal Auto,Four-Door Car,425,1/0/00
XK64261,Oregon,,Bachelor,476281,65795,62,1/1/00,Corporate Auto,Two-Door Car,49,1/1/00
EV68375,California,,College,433038,60475,107,1/0/00,Personal Auto,Four-Door Car,513,1/0/00
UN51653,California,,High School or Below,940272,0,130,1/0/00,Personal Auto,SUV,936,1/0/00
TO96662,Oregon,,Bachelor,696669,41837,88,1/0/00,Personal Auto,Four-Door Car,142,1/0/00
MR52087,California,,Bachelor,769406,32303,65,1/0/00,Personal Auto,Four-Door Car,45,1/0/00
DE75225,Oregon,,High School or Below,871756,0,117,1/1/00,Personal Auto,SUV,561,1/1/00
EP80820,California,,Bachelor,592874,40531,74,1/0/00,Personal Auto,Two-Door Car,30,1/0/00
GU99037,Oregon,,College,245297,79898,62,1/1/00,Corporate Auto,Four-Door Car,271,1/1/00
WI57118,California,,College,670157,56398,85,1/0/00,Personal Auto,Four-Door Car,408,1/0/00
GP39118,Washington,M,High School or Below,499655,71600,63,1/0/00,Personal Auto,Two-Door Car,46,1/0/00
MQ14219,AZ,,College,849269,27804,109,1/0/00,Personal Auto,SUV,784,1/0/00
KN20603,Oregon,,Bachelor,771349,45506,66,1/2/00,Personal Auto,Four-Door Car,316,1/2/00
SG20925,Washington,F,Master,518579,99428,6464,1/1/00,Personal Auto,Four-Door Car,48,1/1/00
JI70886,California,,High School or Below,729006,0,102,1/1/00,Corporate Auto,SUV,489,1/1/00
VF72557,Oregon,,High School or Below,477294,20993,133,1/0/00,Personal Auto,SUV,638,1/0/00
OX28638,AZ,,High School or Below,680649,37839,86,1/0/00,Personal Auto,Two-Door Car,465,1/0/00
SK55033,California,,Bachelor,246978,92711,62,1/0/00,Personal Auto,Two-Door Car,368,1/0/00
OO88645,California,,College,310392,74665,78,1/2/00,Corporate Auto,Four-Door Car,236,1/2/00
FM14335,Washington,F,College,1048491,61108,89,1/0/00,Personal Auto,Four-Door Car,49,1/0/00
CW82151,California,,Bachelor,890273,46833,112,1/0/00,Personal Auto,Sports Car,64,1/0/00
DY22043,Oregon,,High School or Below,549944,88768,68,1/0/00,Personal Auto,Two-Door Car,326,1/0/00
SH36774,California,,High School or Below,1502359,28262,192,1/0/00,Personal Auto,Luxury SUV,921,1/0/00
EM43724,Nevada,,Bachelor,250910,33555,63,1/0/00,Personal Auto,Four-Door Car,101,1/0/00
FH85960,Oregon,,College,3122174,42780,113,1/1/00,Personal Auto,Four-Door Car,542,1/1/00
XA55993,Oregon,,Master,313350,58850,78,1/0/00,Personal Auto,Four-Door Car,143,1/0/00
GO36627,AZ,,College,383745,21880,97,1/0/00,Special Auto,Four-Door Car,424,1/0/00
QH48047,Oregon,,College,1179049,25251,66,1/0/00,Personal Auto,Four-Door Car,316,1/0/00
HS28694,Washington,F,High School or Below,282986,25317,71,1/0/00,Personal Auto,Two-Door Car,50,1/0/00
UH65059,AZ,,High School or Below,430580,24188,109,1/0/00,Personal Auto,Sports Car,523,1/0/00
FV21968,Nevada,,Bachelor,597397,41611,74,1/0/00,Special Auto,Four-Door Car,113,1/0/00
QA87025,Oregon,,Bachelor,567044,28406,72,1/1/00,Personal Auto,Four-Door Car,192,1/1/00
TQ13499,AZ,,College,473174,69833,118,1/0/00,Personal Auto,Four-Door Car,828,1/0/00
BU44523,AZ,,High School or Below,802637,0,74,1/0/00,Corporate Auto,Four-Door Car,532,1/0/00
MS41162,AZ,,High School or Below,402296,0,117,1/0/00,Personal Auto,SUV,975,1/0/00
PU25891,Oregon,,High School or Below,961831,80536,119,1/0/00,Special Auto,Sports Car,53,1/0/00
LH92841,Washington,F,Bachelors,725595,88891,89,1/0/00,Personal Auto,Four-Door Car,50,1/0/00
SX26335,Oregon,,College,955292,97732,79,1/0/00,Personal Auto,Four-Door Car,289,1/0/00
AZ95587,AZ,F,Bachelor,1038855,61222,89,1/0/00,Special Auto,Four-Door Car,392,1/0/00
DS81757,Oregon,M,College,247012,0,74,1/0/00,Personal Auto,Two-Door Car,721,1/0/00
OJ94107,AZ,M,Master,561906,50335,140,1/0/00,Personal Auto,SUV,456,1/0/00
LP84436,California,F,High School or Below,904711,0,127,1/0/00,Personal Auto,Sports Car,1087,1/0/00
FF22360,Washington,F,Doctor,268731,82210,68,1/4/00,Personal Auto,Four-Door Car,51,1/4/00
LM19287,Oregon,F,High School or Below,373150,0,96,1/0/00,Personal Auto,Four-Door Car,460,1/0/00
ZU18643,Nevada,M,Bachelor,366077,64495,92,1/0/00,Corporate Auto,Four-Door Car,251,1/0/00
AZ82578,California,F,College,792882,0,72,1/0/00,Corporate Auto,Four-Door Car,345,1/0/00
XC67861,Arizona,F,Bachelor,501175,28859,67,1/3/00,Corporate Auto,Two-Door Car,321,1/3/00
YC43143,Arizona,F,High School or Below,798825,77330,99,1/0/00,Personal Auto,Four-Door Car,99,1/0/00
EK59571,Oregon,M,College,388545,0,105,1/0/00,Corporate Auto,Four-Door Car,504,1/0/00
PA38372,Washington,F,High School or Below,935773,33060,117,1/0/00,Personal Auto,Four-Door Car,56,1/0/00
RO18530,Washington,M,Master,254068,42557,65,1/0/00,Personal Auto,Four-Door Car,57,1/0/00
PD27940,Arizona,M,High School or Below,488516,26372,126,1/0/00,Personal Auto,SUV,604,1/0/00
BS77946,Arizona,F,Bachelor,975330,17514,127,1/0/00,Personal Auto,SUV,8,1/0/00
YM50253,California,Femal,Bachelor,294615,89270,74,1/0/00,Personal Auto,Four-Door Car,316,1/0/00
NR15332,California,M,High School or Below,258111,29757,65,1/0/00,Personal Auto,Four-Door Car,312,1/0/00
RC62865,Oregon,M,College,351738,51814,92,1/0/00,Personal Auto,Four-Door Car,56,1/0/00
CC15295,Oregon,F,Bachelor,974335,24028,82,1/0/00,Personal Auto,Four-Door Car,393,1/0/00
KA61892,Arizona,M,College,387364,28142,105,1/0/00,Personal Auto,Sports Car,701,1/0/00
OS94884,Arizona,F,Bachelor,764928,52705,64,1/1/00,Personal Auto,Two-Door Car,128,1/1/00
ND87334,California,M,High School or Below,228759,0,63,1/0/00,Corporate Auto,Two-Door Car,679,1/0/00
OY51402,Washington,F,High School or Below,825576,54040,103,1/0/00,Personal Auto,SUV,59,1/0/00
YL74911,California,F,College,871492,0,118,1/0/00,Personal Auto,SUV,566,1/0/00
GK92563,Washington,F,Doctor,681923,22492,85,1/0/00,Personal Auto,Two-Door Car,61,1/0/00
HL53154,California,M,Bachelor,741619,0,77,1/2/00,Personal Auto,Four-Door Car,554,1/2/00
RI78966,Oregon,M,Master,777115,21876,68,1/0/00,Personal Auto,Four-Door Car,465,1/0/00
IC13702,California,F,Bachelor,696834,0,69,1/1/00,Personal Auto,Four-Door Car,496,1/1/00
BE10809,California,F,High School or Below,425028,0,61,1/1/00,Personal Auto,Four-Door Car,292,1/1/00
HT87217,Oregon,F,High School or Below,1977656,70699,82,1/0/00,Personal Auto,Four-Door Car,256,1/0/00
TH95618,California,F,High School or Below,2134346,0,74,1/1/00,Personal Auto,Four-Door Car,355,1/1/00
TS19868,California,M,College,241313,27501,63,1/0/00,Personal Auto,Four-Door Car,542,1/0/00
LP45550,Oregon,F,Doctor,1536384,15897,101,1/0/00,Personal Auto,Four-Door Car,303,1/0/00
QR87004,Nevada,F,College,845696,25141,73,1/1/00,Personal Auto,Four-Door Car,25,1/1/00
OE75747,Nevada,F,College,218964,0,61,1/3/00,Personal Auto,Four-Door Car,292,1/3/00
DX91392,California,M,High School or Below,578018,51066,74,1/0/00,Personal Auto,Four-Door Car,787,1/0/00
AB72731,California,F,Bachelor,463998,28358,117,1/0/00,Personal Auto,Sports Car,84,1/0/00
GX84338,Washington,F,Doctor,382443,62530,95,1/0/00,Personal Auto,Four-Door Car,61,1/0/00
IS12901,Arizona,F,Bachelor,596811,90972,74,1/0/00,Personal Auto,Two-Door Car,232,1/0/00
BN90616,Washington,F,Bachelor,859033,63110,72,1/0/00,Personal Auto,Four-Door Car,68,1/0/00
HH90090,California,F,Bachelor,407663,29549,104,1/0/00,Personal Auto,Sports Car,710,1/0/00
IU25463,California,F,Bachelor,1225260,0,115,1/1/00,Personal Auto,Four-Door Car,552,1/1/00
KC11055,Nevada,F,Bachelor,1693627,39411,217,1/2/00,Personal Auto,Luxury Car,1122,1/2/00
PD33979,Oregon,M,High School or Below,489243,21709,62,1/0/00,Personal Auto,Four-Door Car,408,1/0/00
NK71023,Nevada,M,Bachelor,994230,67890,85,1/0/00,Personal Auto,Four-Door Car,408,1/0/00
AB13432,California,M,Bachelor,373583,0,110,1/0/00,Personal Auto,SUV,792,1/0/00
OZ97704,California,F,High School or Below,1311752,84311,111,1/4/00,Personal Auto,SUV,532,1/4/00
UF46533,California,F,College,457452,99316,114,1/0/00,Corporate Auto,SUV,754,1/0/00
XP47431,Arizona,F,Bachelor,547006,54507,138,1/0/00,Personal Auto,SUV,702,1/0/00
GK73582,California,F,Bachelor,297884,64586,76,1/0/00,Personal Auto,Four-Door Car,206,1/0/00
RV98763,Oregon,M,College,641096,61709,82,1/2/00,Personal Auto,Four-Door Car,275,1/2/00
II62831,California,M,Master,447902,94656,111,1/1/00,Special Auto,SUV,459,1/1/00
XK33449,California,F,High School or Below,238373,0,69,1/0/00,Special Auto,Two-Door Car,496,1/0/00
TR85083,California,M,Bachelor,276449,61085,70,1/1/00,Personal Auto,Two-Door Car,336,1/1/00
EO95328,Oregon,F,Bachelor,792010,89284,67,1/3/00,Personal Auto,Two-Door Car,321,1/3/00
EN21086,Arizona,F,High School or Below,688909,0,63,1/0/00,Personal Auto,Four-Door Car,302,1/0/00
YL83902,WA,F,Bachelor,327419,31686,81,1/0/00,Personal Auto,Four-Door Car,430,1/0/00
AZ62651,Oregon,M,High School or Below,995170,56855,255,1/0/00,Corporate Auto,Luxury SUV,1836,1/0/00
ZW25874,Oregon,M,Bachelor,252155,53703,67,1/2/00,Special Auto,Four-Door Car,67,1/2/00
EH41854,WA,F,High School or Below,2370611,0,96,1/1/00,Personal Auto,Two-Door Car,844,1/1/00
MW70227,California,M,College,604702,20396,76,1/1/00,Personal Auto,Four-Door Car,364,1/1/00
SL22297,California,F,Master,1114030,27679,150,1/0/00,Personal Auto,SUV,722,1/0/00
RV14138,Nevada,F,Bachelor,433406,23904,123,1/3/00,Personal Auto,SUV,590,1/3/00
UO62808,Arizona,F,High School or Below,279974,65351,69,1/0/00,Corporate Auto,Four-Door Car,481,1/0/00
ZX64745,California,M,College,792313,0,113,1/0/00,Personal Auto,SUV,1124,1/0/00
FL34139,California,M,High School or Below,368811,0,63,1/3/00,Personal Auto,Four-Door Car,669,1/3/00
TS11219,California,M,College,1206745,0,116,1/0/00,Personal Auto,SUV,1284,1/0/00
XX12304,California,F,College,292497,64459,72,1/0/00,Personal Auto,Four-Door Car,240,1/0/00
SD64087,California,M,College,1501409,32961,190,1/0/00,Corporate Auto,SUV,912,1/0/00
OY38576,Oregon,F,High School or Below,927723,71416,116,1/0/00,Corporate Auto,SUV,556,1/0/00
BG76355,WA,F,Bachelor,627412,68964,78,1/0/00,Personal Auto,Four-Door Car,115,1/0/00
IP66913,Cali,M,High School or Below,388664,78108,98,1/0/00,Personal Auto,Two-Door Car,470,1/0/00
LE95702,Cali,M,College,438627,10621,67,1/0/00,Special Auto,Four-Door Car,321,1/0/00
KX54357,WA,M,College,1136526,84910,95,1/0/00,Corporate Auto,Two-Door Car,383,1/0/00
EZ78112,Cali,Femal,High School or Below,561096,77493,70,1/0/00,Special Auto,Four-Door Car,307,1/0/00
XN16891,Arizona,M,College,291289,81097,74,1/0/00,Personal Auto,Four-Door Car,355,1/0/00
XK31350,Oregon,Femal,College,691572,96610,85,1/0/00,Corporate Auto,Four-Door Car,520,1/0/00
CC30924,Oregon,M,College,626266,30110,159,1/0/00,Corporate Auto,Sports Car,466,1/0/00
IT78748,Oregon,Femal,High School or Below,650339,22081,84,1/0/00,Special Auto,Two-Door Car,451,1/0/00
KY33386,WA,Femal,High School or Below,800739,0,112,1/0/00,Personal Auto,Sports Car,537,1/0/00
CO44221,Cali,M,College,292991,98473,72,1/0/00,Personal Auto,Four-Door Car,345,1/0/00
LK60013,Oregon,Femal,Bachelor,596955,97431,74,1/0/00,Personal Auto,Four-Door Car,355,1/0/00
DE21533,Cali,M,Bachelor,547315,93870,69,1/0/00,Personal Auto,Four-Door Car,331,1/0/00
YS94121,Nevada,M,High School or Below,564539,50366,72,1/0/00,Personal Auto,Four-Door Car,428,1/0/00
UK68427,WA,M,High School or Below,636926,34498,83,1/0/00,Personal Auto,Two-Door Car,398,1/0/00
TE49565,Oregon,Femal,College,1183376,16552,103,1/0/00,Personal Auto,SUV,494,1/0/00
RA88421,Oregon,Femal,College,612110,26787,77,1/0/00,Personal Auto,Four-Door Car,369,1/0/00
KQ51983,Nevada,M,College,515936,0,74,1/0/00,Personal Auto,Two-Door Car,831,1/0/00
CD88896,Nevada,Femal,High School or Below,251459,43860,65,1/0/00,Corporate Auto,Four-Door Car,156,1/0/00
YV22553,Arizona,M,High School or Below,866861,21474,114,1/2/00,Corporate Auto,SUV,373,1/2/00
WU14435,Cali,M,Bachelor,496096,18174,66,1/0/00,Corporate Auto,Four-Door Car,395,1/0/00
XV84099,Arizona,Femal,Bachelor,550413,0,73,1/0/00,Corporate Auto,Four-Door Car,350,1/0/00
RI24911,Arizona,Male,College,750745,60920,64,1/0/00,Personal Auto,Two-Door Car,231,1/0/00
KO26461,Arizona,Male,High School or Below,3226985,41520,90,1/0/00,Personal Auto,Four-Door Car,289,1/0/00
HI14283,Oregon,Femal,Bachelor,565703,0,152,1/0/00,Personal Auto,SUV,729,1/0/00
PT50227,Arizona,Male,High School or Below,506175,0,68,1/0/00,Personal Auto,Two-Door Car,326,1/0/00
BH36570,Cali,Male,Bachelor,591278,72208,73,1/0/00,Personal Auto,Two-Door Car,350,1/0/00
TX17484,Cali,Femal,Bachelor,1518227,53863,63,1/0/00,Personal Auto,Four-Door Car,105,1/0/00
CT41158,WA,Male,College,1074703,66446,136,1/0/00,Corporate Auto,SUV,639,1/0/00
AO87348,WA,Male,College,205062,0,61,1/0/00,Personal Auto,Four-Door Car,292,1/0/00
DE55857,WA,Femal,Bachelor,246544,64997,63,1/1/00,Personal Auto,Four-Door Car,383,1/1/00
LF66923,Nevada,Femal,High School or Below,534312,64460,66,1/0/00,Corporate Auto,Two-Door Car,316,1/0/00
CN24514,Arizona,Femal,College,811982,46618,67,1/0/00,Personal Auto,Four-Door Car,99,1/0/00
UW32074,Oregon,Femal,College,460526,0,64,1/0/00,Corporate Auto,Four-Door Car,307,1/0/00
HP36979,Cali,Male,College,640878,49988,84,1/5/00,Personal Auto,Two-Door Car,566,1/5/00
PP40919,Cali,Femal,College,237653,0,91,1/5/00,Personal Auto,Two-Door Car,436,1/5/00
RO73268,Cali,M,Bachelor,321107,16269,86,1/0/00,Corporate Auto,Two-Door Car,412,1/0/00
HO61691,Arizona,F,Bachelor,509452,72006,64,1/0/00,Personal Auto,Four-Door Car,307,1/0/00
BS13062,Arizona,F,High School or Below,2575527,0,81,1/2/00,Personal Auto,Four-Door Car,388,1/2/00
FO35655,Oregon,M,Bachelor,867222,0,245,1/0/00,Corporate Auto,Luxury SUV,2345,1/0/00
HR10526,Cali,M,Master,804473,44320,67,1/0/00,Personal Auto,Four-Door Car,321,1/0/00
IA63417,Arizona,F,High School or Below,400151,19782,108,1/0/00,Personal Auto,Two-Door Car,773,1/0/00
BH35016,Nevada,F,Bachelor,1670611,63933,70,1/0/00,Personal Auto,Two-Door Car,424,1/0/00
PK52952,Arizona,M,Doctor,854441,28224,109,1/0/00,Personal Auto,SUV,523,1/0/00
OD76309,WA,F,College,780531,21073,106,1/1/00,Personal Auto,SUV,508,1/1/00
IL28481,Oregon,M,Bachelor,611275,63243,77,1/0/00,Personal Auto,Four-Door Car,364,1/0/00
GY55092,Nevada,M,High School or Below,477294,20993,133,1/0/00,Personal Auto,SUV,638,1/0/00
UF33451,Oregon,F,Bachelor,1097909,94827,135,1/0/00,Personal Auto,SUV,354,1/0/00
CF15558,Cali,F,Master,500426,39161,63,1/1/00,Personal Auto,Two-Door Car,283,1/1/00
JM62924,WA,M,Bachelor,1322304,37534,84,1/2/00,Personal Auto,Four-Door Car,403,1/2/00
EM66435,Oregon,F,Bachelor,262331,80210,65,1/0/00,Corporate Auto,Four-Door Car,20,1/0/00
QX45933,Cali,M,Bachelor,1784019,0,62,1/0/00,Personal Auto,Four-Door Car,385,1/0/00
JI71369,Cali,F,College,510611,30110,64,1/0/00,Personal Auto,Four-Door Car,140,1/0/00
JU93290,Arizona,F,College,1793060,21708,68,1/0/00,Personal Auto,Four-Door Car,326,1/0/00
GU66096,Arizona,M,High School or Below,545734,94731,67,1/0/00,Personal Auto,Four-Door Car,321,1/0/00
UC33108,Cali,M,Bachelor,656364,32375,83,1/0/00,Personal Auto,Four-Door Car,398,1/0/00
LW93867,Oregon,M,College,481252,16531,63,1/0/00,Corporate Auto,Four-Door Car,102,1/0/00
OU78470,Arizona,F,Master,2932804,32006,94,1/0/00,Corporate Auto,Four-Door Car,56,1/0/00
XW90265,Arizona,F,Bachelor,577352,81676,72,1/0/00,Personal Auto,Two-Door Car,463,1/0/00
HS67749,Cali,M,College,684711,71038,86,1/0/00,Corporate Auto,Four-Door Car,205,1/0/00
VZ51506,Arizona,F,High School or Below,359531,0,103,1/0/00,Corporate Auto,Sports Car,741,1/0/00
UI64281,Nevada,F,Master,2285561,20832,65,1/0/00,Personal Auto,Two-Door Car,56,1/0/00
AE98193,WA,M,High School or Below,785941,0,113,1/0/00,Personal Auto,SUV,813,1/0/00
AZ74055,Oregon,M,High School or Below,411557,52405,103,1/0/00,Personal Auto,Four-Door Car,494,1/0/00
XS76911,Arizona,F,High School or Below,502963,0,133,1/0/00,Personal Auto,Sports Car,795,1/0/00
AY40674,WA,F,Bachelor,482141,26583,1005,1/4/00,Personal Auto,SUV,614,1/4/00
NA12740,Oregon,M,Master,500431,25486,65,1/0/00,Special Auto,Two-Door Car,72,1/0/00
UA84837,Arizona,M,College,863005,24065,111,1/0/00,Corporate Auto,Four-Door Car,532,1/0/00
DJ51510,Arizona,F,High School or Below,932208,70435,116,1/0/00,Personal Auto,Four-Door Car,67,1/0/00
VM58985,Cali,M,College,1672756,0,76,1/2/00,Personal Auto,Two-Door Car,402,1/2/00
OH60605,Oregon,F,High School or Below,365253,39679,92,1/0/00,Personal Auto,Two-Door Car,641,1/0/00
UO98052,Nevada,M,College,615860,0,89,1/0/00,Personal Auto,Four-Door Car,342,1/0/00
NC53424,Cali,M,Bachelor,437608,0,69,1/4/00,Personal Auto,Two-Door Car,331,1/4/00
LQ13873,Nevada,M,High School or Below,556945,53565,71,1/1/00,Personal Auto,Four-Door Car,340,1/1/00
LA97014,WA,M,Bachelor,257651,37574,66,1/1/00,Personal Auto,Two-Door Car,412,1/1/00
NB79936,WA,M,Bachelor,834698,48259,108,1/0/00,Personal Auto,Two-Door Car,73,1/0/00
NT89061,Arizona,F,High School or Below,632392,78532,78,1/0/00,Personal Auto,Four-Door Car,374,1/0/00
AF10970,Arizona,F,Bachelor,597314,96163,73,1/0/00,Corporate Auto,Four-Door Car,350,1/0/00
ZG48513,Cali,M,Bachelor,470667,0,72,1/0/00,Personal Auto,Four-Door Car,345,1/0/00
JQ59145,Cali,Male,High School or Below,809341,0,114,1/1/00,Personal Auto,Sports Car,722,1/1/00
FE84989,WA,Male,College,503574,72672,63,1/0/00,Personal Auto,Four-Door Car,259,1/0/00
JT52858,Oregon,F,Bachelor,902786,99002,112,1/1/00,Personal Auto,Four-Door Car,537,1/1/00
MC62068,California,Male,High School or Below,728888,79494,91,1/0/00,Personal Auto,Four-Door Car,396,1/0/00
EU27538,Oregon,Male,Master,1804247,35704,225,1/0/00,Personal Auto,Luxury Car,358,1/0/00
RH42306,Arizona,F,Bachelor,499206,0,71,1/0/00,Corporate Auto,Four-Door Car,653,1/0/00
US23612,Oregon,F,High School or Below,910226,26049,118,1/0/00,Personal Auto,Two-Door Car,121,1/0/00
WV76014,Arizona,Male,Doctor,254040,70125,64,1/0/00,Special Auto,Four-Door Car,92,1/0/00
RK96223,California,Male,College,1294189,52369,110,1/1/00,Personal Auto,SUV,528,1/1/00
MF82000,WA,female,Bachelor,236534,0,66,1/2/00,Special Auto,Four-Door Car,159,1/2/00
FM46980,Arizona,Male,College,572076,41770,72,1/0/00,Personal Auto,Four-Door Car,476,1/0/00
SY56792,Oregon,Male,High School or Below,703553,0,101,1/0/00,Corporate Auto,Four-Door Car,727,1/0/00
RF61565,California,M,College,263697,31911,67,1/0/00,Personal Auto,Four-Door Car,321,1/0/00
IM94808,Nevada,M,Bachelor,539583,70051,68,1/0/00,Corporate Auto,Four-Door Car,42,1/0/00
VI14730,Oregon,M,High School or Below,838263,19683,117,1/1/00,Personal Auto,Sports Car,561,1/1/00
YR34119,WA,F,College,3116174,30916,112,1/0/00,Personal Auto,SUV,200,1/0/00
RR77985,Oregon,F,Bachelor,288774,0,80,1/0/00,Personal Auto,Four-Door Car,676,1/0/00
QD28391,Washington,M,College,742584,84302,62,1/0/00,Personal Auto,Four-Door Car,76,1/0/00
WV17090,California,M,Bachelor,2558572,0,116,1/0/00,Corporate Auto,SUV,830,1/0/00
TM23514,Oregon,M,College,1027260,60145,132,1/0/00,Personal Auto,SUV,580,1/0/00
MQ68407,Oregon,F,Bachelor,437636,63774,111,1/0/00,Personal Auto,Four-Door Car,60,1/0/00
GJ59592,California,F,Bachelor,531889,25134,67,1/0/00,Corporate Auto,Four-Door Car,321,1/0/00
FY56083,Oregon,M,Bachelor,471976,37057,61,1/1/00,Personal Auto,Four-Door Car,47,1/1/00
UA94723,Oregon,F,High School or Below,442803,58577,110,1/0/00,Personal Auto,SUV,303,1/0/00
FW91032,California,M,High School or Below,587917,85857,73,1/0/00,Corporate Auto,Four-Door Car,100,1/0/00
DE34457,Oregon,F,Doctor,941690,70602,116,1/0/00,Personal Auto,SUV,481,1/0/00
HD32044,Oregon,F,Master,828815,33816,106,1/2/00,Corporate Auto,Four-Door Car,508,1/2/00
HH30454,Oregon,M,Bachelor,3265483,0,153,1/0/00,Personal Auto,SUV,1101,1/0/00
AH84063,Oregon,F,College,471945,89642,121,1/4/00,Corporate Auto,SUV,86,1/4/00
QA17596,California,F,Bachelor,390347,60068,98,1/0/00,Personal Auto,Two-Door Car,470,1/0/00
XI41052,California,F,Bachelor,545725,50044,139,1/0/00,Personal Auto,SUV,667,1/0/00
DI30528,California,F,Master,272535,36650,69,1/1/00,Personal Auto,Four-Door Car,56,1/1/00
SC66359,Arizona,F,College,443397,50653,110,1/0/00,Corporate Auto,SUV,262,1/0/00
EN61670,Arizona,F,Doctor,533246,68931,66,1/0/00,Personal Auto,Four-Door Car,309,1/0/00
DQ10761,Oregon,M,Bachelor,231509,0,73,1/1/00,Corporate Auto,Four-Door Car,350,1/1/00
BQ51587,California,F,College,541195,0,73,1/0/00,Personal Auto,Four-Door Car,365,1/0/00
JE21522,California,M,Bachelor,958733,39266,80,1/0/00,Personal Auto,Four-Door Car,384,1/0/00
WS47147,California,M,College,2210350,0,102,1/0/00,Personal Auto,SUV,489,1/0/00
ZA64638,Nevada,F,High School or Below,976494,0,98,1/1/00,Personal Auto,Four-Door Car,705,1/1/00
EW38459,Nevada,F,Bachelor,256715,40864,65,1/0/00,Corporate Auto,Four-Door Car,9,1/0/00
QW87316,Oregon,F,College,265062,39035,68,1/0/00,Personal Auto,Four-Door Car,244,1/0/00
IC43478,California,M,Bachelor,1126436,34923,98,1/0/00,Personal Auto,Two-Door Car,639,1/0/00
TE34064,California,M,High School or Below,216852,0,63,1/0/00,Personal Auto,Four-Door Car,453,1/0/00
WU60905,California,F,High School or Below,861066,0,111,1/0/00,Corporate Auto,SUV,532,1/0/00
YM18992,California,F,College,283464,24506,71,1/0/00,Personal Auto,Two-Door Car,511,1/0/00
PD55753,Oregon,M,High School or Below,893013,0,82,1/0/00,Personal Auto,Four-Door Car,554,1/0/00
KU56006,Arizona,F,College,553638,52220,70,1/1/00,Personal Auto,Four-Door Car,336,1/1/00
MJ69973,Arizona,M,High School or Below,284085,0,74,1/0/00,Personal Auto,Two-Door Car,402,1/0/00
TW43626,California,M,College,808288,53554,67,1/0/00,Personal Auto,Four-Door Car,327,1/0/00
XX84133,California,M,Bachelor,525473,34476,67,1/1/00,Corporate Auto,Four-Door Car,5,1/1/00
ZW84453,Arizona,F,Bachelor,511623,0,70,1/0/00,Personal Auto,Four-Door Car,131,1/0/00
HO29524,California,M,College,303464,68205,76,1/0/00,Personal Auto,Two-Door Car,99,1/0/00
VE89726,California,female,High School or Below,802489,0,119,1/1/00,Personal Auto,SUV,856,1/1/00
GE87503,California,M,High School or Below,1821114,53690,154,1/0/00,Personal Auto,SUV,739,1/0/00
PX90263,Oregon,M,High School or Below,512156,0,72,1/0/00,Personal Auto,Four-Door Car,518,1/0/00
NI17718,California,female,High School or Below,215017,0,61,1/0/00,Personal Auto,Four-Door Car,292,1/0/00
FY32213,California,female,High School or Below,559538,74454,71,1/0/00,Personal Auto,Four-Door Car,340,1/0/00
RZ13254,Nevada,female,Bachelor,756282,0,73,1/0/00,Personal Auto,Four-Door Car,350,1/0/00
GN45013,Oregon,M,High School or Below,538585,29664,71,1/0/00,Personal Auto,Four-Door Car,340,1/0/00
NM39588,Washington,F,Doctor,267805,72450,66,1/0/00,Corporate Auto,Four-Door Car,84,1/0/00
KU84464,Nevada,female,Bachelor,942256,47272,79,1/3/00,Personal Auto,Four-Door Car,64,1/3/00
YH43527,Oregon,female,College,360586,21585,92,1/0/00,Corporate Auto,Four-Door Car,441,1/0/00
RO30676,California,female,College,776259,23827,106,1/2/00,Personal Auto,Four-Door Car,37,1/2/00
QL59704,Arizona,female,College,2344490,69906,74,1/2/00,Corporate Auto,Four-Door Car,202,1/2/00
QH19450,California,female,High School or Below,255817,0,72,1/0/00,Corporate Auto,Four-Door Car,345,1/0/00
SA54664,Washington,M,Master,265438,73196,66,1/1/00,Personal Auto,Four-Door Car,85,1/1/00
CI38330,Washington,M,Bachelor,254978,72217,6464,1/0/00,Personal Auto,Four-Door Car,91,1/0/00
WB38524,California,M,High School or Below,296959,46131,74,1/0/00,Personal Auto,Two-Door Car,355,1/0/00
CE56187,Oregon,female,Master,436312,54514,109,1/3/00,Personal Auto,SUV,286,1/3/00
JL19416,California,female,High School or Below,588430,0,161,1/0/00,Personal Auto,SUV,1159,1/0/00
JZ61422,Nevada,female,College,527219,96668,66,1/0/00,Personal Auto,Four-Door Car,316,1/0/00
LA13377,California,M,Doctor,550989,78879,69,1/1/00,Personal Auto,Four-Door Car,466,1/1/00
NC99948,Nevada,M,College,1631368,0,69,1/0/00,Personal Auto,Four-Door Car,331,1/0/00
QD34785,Arizona,female,Bachelor,567805,0,76,1/0/00,Personal Auto,Four-Door Car,364,1/0/00
RO26085,California,female,Bachelor,1210120,0,112,1/0/00,Personal Auto,Sports Car,1252,1/0/00
ES57969,Oregon,M,Bachelor,245357,29735,69,1/0/00,Personal Auto,Four-Door Car,331,1/0/00
JK55587,California,M,High School or Below,507566,23082,65,1/0/00,Special Auto,Four-Door Car,312,1/0/00
RN97635,Arizona,M,Bachelor,321497,53984,80,1/0/00,Corporate Auto,Four-Door Car,421,1/0/00
BI76326,California,female,College,1227534,52135,156,1/0/00,Personal Auto,SUV,430,1/0/00
JA34909,California,female,College,272221,17576,71,1/0/00,Corporate Auto,Four-Door Car,398,1/0/00
OJ90342,Oregon,female,Bachelor,245744,29486,62,1/0/00,Personal Auto,Four-Door Car,7,1/0/00
CM88932,Oregon,female,Master,355484,58557,88,1/0/00,Corporate Auto,Four-Door Car,55,1/0/00
JJ97525,California,M,Bachelor,492954,25632,63,1/0/00,Personal Auto,Two-Door Car,351,1/0/00
XV21647,California,female,High School or Below,803645,0,112,1/0/00,Personal Auto,Sports Car,806,1/0/00
MC83487,Arizona,M,Bachelor,427691,18768,68,1/3/00,Corporate Auto,Four-Door Car,647,1/3/00
BL90769,California,female,Bachelor,3347334,33190,106,1/0/00,Personal Auto,SUV,508,1/0/00
CR57148,Oregon,female,Master,596058,47945,74,1/0/00,Personal Auto,Two-Door Car,128,1/0/00
CP85232,Arizona,M,College,4479546,58778,126,1/0/00,Special Auto,SUV,302,1/0/00
YL74732,California,female,High School or Below,383211,15192,100,1/0/00,Personal Auto,SUV,480,1/0/00
FG16766,California,female,Bachelor,683793,51859,171,1/0/00,Personal Auto,SUV,1003,1/0/00
NV55438,Nevada,female,High School or Below,528526,23422,72,1/0/00,Personal Auto,Two-Door Car,518,1/0/00
RM10880,California,female,College,309651,21604,79,1/0/00,Corporate Auto,Four-Door Car,379,1/0/00
GL56175,Arizona,M,College,358971,79298,90,1/0/00,Personal Auto,Four-Door Car,244,1/0/00
UK52289,Arizona,female,Bachelor,258240,76731,64,1/0/00,Special Auto,Four-Door Car,201,1/0/00
OT85112,Washington,M,College,340391,38460,88,1/1/00,Personal Auto,Four-Door Car,91,1/1/00
BC62782,Arizona,F,College,1357567,48534,115,1/1/00,Personal Auto,SUV,552,1/1/00
TI19722,Washington,M,Doctor,343613,30817,88,1/0/00,Corporate Auto,Four-Door Car,91,1/0/00
JP30654,Oregon,F,College,2868582,48412,104,1/0/00,Personal Auto,SUV,707,1/0/00
UM45563,Washington,M,Bachelor,450267,68798,114,1/0/00,Personal Auto,SUV,92,1/0/00
EN60878,Oregon,M,Bachelor,618311,23712,85,1/0/00,Personal Auto,Four-Door Car,376,1/0/00
JF36291,California,M,College,387364,28142,105,1/0/00,Personal Auto,Sports Car,701,1/0/00
BK59444,California,F,Master,1892933,72196,68,1/0/00,Personal Auto,Four-Door Car,152,1/0/00
MK70700,California,M,Master,555329,68197,69,1/0/00,Personal Auto,Four-Door Car,176,1/0/00
IW71076,California,M,Bachelor,501125,75248,63,1/0/00,Corporate Auto,Four-Door Car,104,1/0/00
AP98768,California,F,College,1044244,0,98,1/0/00,Personal Auto,Four-Door Car,941,1/0/00
OM24164,Nevada,M,Bachelor,219961,0,65,1/1/00,Personal Auto,Two-Door Car,468,1/1/00
HR85211,Washington,female,Master,512317,89879,63,1/0/00,Personal Auto,Two-Door Car,94,1/0/00
VC87846,Oregon,M,High School or Below,748431,46998,96,1/0/00,Corporate Auto,Four-Door Car,460,1/0/00
ZM92052,Oregon,M,Bachelor,261302,57099,67,1/0/00,Personal Auto,Two-Door Car,67,1/0/00
ON73702,Arizona,F,Bachelor,908063,33897,114,1/0/00,Corporate Auto,SUV,539,1/0/00
QQ90441,Nevada,F,High School or Below,1377097,59207,116,1/0/00,Personal Auto,Four-Door Car,556,1/0/00
HU35721,Oregon,M,High School or Below,287682,40171,73,1/0/00,Personal Auto,Four-Door Car,350,1/0/00
YP47665,Washington,M,Doctor,540891,80192,67,1/0/00,Personal Auto,Four-Door Car,95,1/0/00
FU99476,Washington,M,High School or Below,677030,74422,85,1/1/00,Personal Auto,Four-Door Car,95,1/1/00
AG85615,Oregon,M,College,2414387,0,87,1/0/00,Special Auto,Four-Door Car,626,1/0/00
OY74069,Arizona,F,College,353805,0,67,1/5/00,Personal Auto,Four-Door Car,321,1/5/00
DJ91267,Nevada,F,Bachelor,2909123,34226,244,1/0/00,Personal Auto,Luxury SUV,494,1/0/00
KB72438,California,F,High School or Below,1983420,65989,123,1/1/00,Personal Auto,SUV,115,1/1/00
TR67616,Oregon,M,High School or Below,473136,30686,61,1/0/00,Corporate Auto,Four-Door Car,19,1/0/00
GF65731,California,F,Master,3553784,0,113,1/0/00,Personal Auto,Sports Car,799,1/0/00
HB67642,Arizona,F,High School or Below,3461137,20090,109,1/0/00,Personal Auto,Sports Car,523,1/0/00
DP84567,California,M,High School or Below,2021630,0,183,1/0/00,Personal Auto,Luxury SUV,878,1/0/00
VV77534,Oregon,M,College,1397651,77094,176,1/0/00,Personal Auto,SUV,444,1/0/00
GL67540,California,F,College,590408,97413,73,1/0/00,Personal Auto,Four-Door Car,268,1/0/00
SV50502,Oregon,F,Master,559583,79189,69,1/0/00,Corporate Auto,Four-Door Car,331,1/0/00
UK59698,California,F,High School or Below,229430,0,62,1/0/00,Personal Auto,Two-Door Car,297,1/0/00
OA57352,Arizona,F,College,627391,18577,86,1/0/00,Personal Auto,Four-Door Car,412,1/0/00
ZF84449,Oregon,F,College,372672,0,112,1/1/00,Special Auto,Sports Car,806,1/1/00
AX86150,Washington,M,High School or Below,265671,62777,67,1/0/00,Personal Auto,Two-Door Car,101,1/0/00
HG39060,Oregon,Male,Bachelor,511068,0,74,1/0/00,Corporate Auto,Four-Door Car,532,1/0/00
EM29359,Nevada,Male,College,712659,17483,183,1/0/00,Personal Auto,Luxury Car,1317,1/0/00
SF57173,Oregon,Male,Master,460163,84394,114,1/0/00,Personal Auto,SUV,691,1/0/00
OT47603,Oregon,Male,College,915523,0,127,1/0/00,Personal Auto,Sports Car,804,1/0/00
SW31412,Oregon,F,College,1480805,41440,62,1/1/00,Personal Auto,Four-Door Car,297,1/1/00
JS36322,Arizona,Male,High School or Below,890167,0,136,1/1/00,Personal Auto,Sports Car,1090,1/1/00
RE81445,Oregon,F,College,573459,98132,71,1/0/00,Personal Auto,Two-Door Car,50,1/0/00
RM24280,Oregon,F,High School or Below,417769,0,112,1/0/00,Personal Auto,Four-Door Car,537,1/0/00
LC25393,California,Male,Bachelor,2777628,88220,230,1/0/00,Personal Auto,Luxury Car,151,1/0/00
UX38930,Arizona,F,Master,1036434,58327,129,1/0/00,Personal Auto,SUV,347,1/0/00
HD95496,Oregon,Male,Master,785190,25950,66,1/0/00,Personal Auto,Two-Door Car,271,1/0/00
RX24650,Oregon,Male,High School or Below,477294,20993,133,1/0/00,Corporate Auto,SUV,638,1/0/00
DW19309,Oregon,Male,High School or Below,1422650,65726,177,1/0/00,Corporate Auto,SUV,849,1/0/00
MT41386,Washington,M,Bachelors,287543,84768,72,1/0/00,Personal Auto,Two-Door Car,110,1/0/00
WZ40465,Washington,F,Bachelor,504129,36234,63,1/0/00,Personal Auto,Four-Door Car,113,1/0/00
DB42794,California,Male,College,436293,58842,110,1/0/00,Personal Auto,Four-Door Car,528,1/0/00
JB50798,Oregon,F,Master,962452,25629,124,1/2/00,Corporate Auto,Sports Car,595,1/2/00
IP69763,Washington,F,College,2191440,77311,181,1/0/00,Personal Auto,SUV,113,1/0/00
TE35785,California,Male,Doctor,694842,0,196,1/2/00,Personal Auto,Luxury SUV,1337,1/2/00
HX74855,Washington,M,High School or Below,247152,95697,61,1/0/00,Personal Auto,Two-Door Car,114,1/0/00
QN65180,Oregon,F,Bachelor,2190391,22254,79,1/0/00,Personal Auto,Four-Door Car,125,1/0/00
GE47180,Nevada,Male,High School or Below,902882,65974,113,1/0/00,Personal Auto,Sports Car,235,1/0/00
VQ38776,Oregon,F,College,530375,0,76,1/0/00,Personal Auto,Four-Door Car,395,1/0/00
BH86846,Washington,M,High School or Below,2070825,92079,65,1/1/00,Corporate Auto,Four-Door Car,114,1/1/00
IN17648,Nevada,Male,High School or Below,512376,0,74,1/0/00,Personal Auto,Two-Door Car,772,1/0/00
DF95759,Oregon,Male,College,949234,0,132,1/0/00,Personal Auto,SUV,633,1/0/00
QG45324,Oregon,F,High School or Below,820486,0,73,1/0/00,Personal Auto,Four-Door Car,350,1/0/00
MN61620,Arizona,F,College,987729,67752,131,1/4/00,Personal Auto,Sports Car,168,1/4/00
YH86390,California,F,Bachelor,481500,25398,64,1/0/00,Corporate Auto,Four-Door Car,307,1/0/00
FY13480,California,Male,High School or Below,627701,0,88,1/0/00,Personal Auto,Four-Door Car,633,1/0/00
YH61661,California,M,High School or Below,826063,33321,105,1/0/00,Special Auto,SUV,504,1/0/00
NL93182,Nevada,M,Bachelor,254945,0,78,1/0/00,Corporate Auto,Four-Door Car,845,1/0/00
LN31673,Washington,,College,1131808,38923,99,1/2/00,Personal Auto,Four-Door Car,115,1/2/00
WE68644,Oregon,F,Bachelor,380392,20325,100,1/0/00,Personal Auto,Sports Car,668,1/0/00
EZ30498,Oregon,M,Bachelor,863540,13129,117,1/0/00,Personal Auto,SUV,700,1/0/00
QY74517,Oregon,F,High School or Below,551055,0,73,1/0/00,Personal Auto,Four-Door Car,525,1/0/00
NM88660,Nevada,M,Master,358588,49080,91,1/0/00,Corporate Auto,Four-Door Car,25,1/0/00
MZ82036,Nevada,M,College,488925,42536,63,1/0/00,Personal Auto,Four-Door Car,375,1/0/00
ID20929,Oregon,M,Bachelor,275694,29926,74,1/0/00,Corporate Auto,Four-Door Car,418,1/0/00
EY50028,Nevada,M,Doctor,328954,0,86,1/0/00,Corporate Auto,Two-Door Car,398,1/0/00
TT82373,California,F,Bachelor,1093717,21450,138,1/0/00,Personal Auto,Sports Car,938,1/0/00
OH64088,California,M,High School or Below,737556,33345,65,1/0/00,Corporate Auto,Four-Door Car,338,1/0/00
SK97780,California,F,Bachelor,1011077,15752,90,1/0/00,Corporate Auto,Two-Door Car,339,1/0/00
IO33050,Oregon,F,High School or Below,511941,40169,65,1/1/00,Personal Auto,Four-Door Car,302,1/1/00
XA55917,California,F,College,853383,26049,113,1/1/00,Personal Auto,SUV,619,1/1/00
JK32620,Nevada,M,College,222476,0,68,1/0/00,Personal Auto,Four-Door Car,326,1/0/00
RQ19236,Arizona,M,Doctor,804280,55411,100,1/0/00,Personal Auto,Sports Car,259,1/0/00
QC47433,Oregon,M,College,255443,12459,70,1/0/00,Personal Auto,Four-Door Car,336,1/0/00
RA93608,Oregon,M,Bachelor,1807394,64620,76,1/1/00,Personal Auto,Two-Door Car,364,1/1/00
XH97711,California,M,Bachelor,243050,83140,61,1/0/00,Corporate Auto,Four-Door Car,179,1/0/00
AU96286,Oregon,F,Bachelor,316765,0,92,1/0/00,Corporate Auto,Four-Door Car,662,1/0/00
KC17170,Arizona,F,Bachelor,546560,54422,68,1/0/00,Corporate Auto,Four-Door Car,75,1/0/00
ZN47335,California,M,College,1035751,68309,131,1/0/00,Corporate Auto,SUV,306,1/0/00
EI46264,California,M,High School or Below,253781,56621,65,1/2/00,Personal Auto,Four-Door Car,84,1/2/00
EK87864,Arizona,F,College,282194,38977,70,1/0/00,Special Auto,Four-Door Car,139,1/0/00
GV45403,AZ,M,Bachelor,775712,0,111,1/0/00,Corporate Auto,Two-Door Car,607,1/0/00
QK31192,AZ,M,High School or Below,407913,0,114,1/0/00,Corporate Auto,Two-Door Car,631,1/0/00
LU89008,AZ,F,College,595554,0,83,1/0/00,Personal Auto,Four-Door Car,628,1/0/00
NS10490,Oregon,F,Bachelor,1415861,83235,70,1/0/00,Personal Auto,Two-Door Car,336,1/0/00
KL98495,Nevada,M,College,848723,0,74,1/0/00,Personal Auto,Two-Door Car,426,1/0/00
IU96845,AZ,M,College,628547,32390,80,1/0/00,Personal Auto,Four-Door Car,91,1/0/00
QL93655,Oregon,F,High School or Below,1147348,66538,95,1/0/00,Personal Auto,Two-Door Car,317,1/0/00
PF40592,Washington,F,College,494263,23285,65,1/0/00,Personal Auto,Two-Door Car,118,1/0/00
LZ34046,Oregon,M,Bachelor,2359468,76358,66,1/0/00,Personal Auto,Four-Door Car,86,1/0/00
JC80093,Washington,M,Master,257250,21104,66,1/0/00,Personal Auto,Four-Door Car,118,1/0/00
YE88490,AZ,F,College,538089,55350,67,1/0/00,Personal Auto,Four-Door Car,321,1/0/00
YC80498,California,F,College,477055,12964,65,1/0/00,Personal Auto,Two-Door Car,362,1/0/00
AI85843,AZ,F,Master,675665,33288,86,1/2/00,Personal Auto,Four-Door Car,221,1/2/00
XD66024,AZ,F,College,593601,0,84,1/0/00,Personal Auto,Four-Door Car,980,1/0/00
FY51713,AZ,F,Bachelor,357076,56168,88,1/0/00,Personal Auto,Four-Door Car,614,1/0/00
PH26378,California,M,College,601996,0,92,1/0/00,Personal Auto,Four-Door Car,662,1/0/00
WQ18638,Oregon,M,High School or Below,542686,23105,69,1/0/00,Personal Auto,Two-Door Car,331,1/0/00
KY14688,Oregon,F,Master,273031,36218,68,1/0/00,Personal Auto,Four-Door Car,145,1/0/00
TC97762,California,F,High School or Below,498268,52275,62,1/0/00,Corporate Auto,Four-Door Car,374,1/0/00
QC87108,Oregon,F,College,876926,49665,74,1/0/00,Personal Auto,Four-Door Car,355,1/0/00
CX12134,Nevada,M,High School or Below,422061,32471,110,1/0/00,Personal Auto,Two-Door Car,528,1/0/00
SM73248,AZ,M,High School or Below,1153750,0,86,1/1/00,Corporate Auto,Two-Door Car,619,1/1/00
CK19789,California,F,Master,588718,62773,73,1/0/00,Personal Auto,Four-Door Car,80,1/0/00
UV12583,California,F,College,470058,76694,117,1/0/00,Personal Auto,SUV,561,1/0/00
JC11405,Oregon,M,High School or Below,1096395,55687,276,1/0/00,Personal Auto,Luxury SUV,1324,1/0/00
KA89683,AZ,F,High School or Below,252317,0,70,1/0/00,Personal Auto,Four-Door Car,504,1/0/00
BG85305,Nevada,M,Doctor,375780,36633,96,1/1/00,Personal Auto,Four-Door Car,460,1/1/00
UQ87917,Oregon,M,High School or Below,1294173,77060,106,1/0/00,Personal Auto,SUV,468,1/0/00
XN11823,Nevada,F,Bachelor,376446,92600,94,1/0/00,Corporate Auto,Two-Door Car,842,1/0/00
OS46571,California,M,High School or Below,688955,0,66,1/0/00,Personal Auto,Four-Door Car,475,1/0/00
PX17116,Nevada,M,College,362345,0,111,1/2/00,Corporate Auto,SUV,1171,1/2/00
RP19541,AZ,M,College,758211,64801,64,1/0/00,Personal Auto,Four-Door Car,268,1/0/00
ZR25747,Oregon,F,College,827774,45257,103,1/0/00,Corporate Auto,Two-Door Car,494,1/0/00
NQ86532,California,M,High School or Below,257645,26854,66,1/0/00,Personal Auto,Four-Door Car,475,1/0/00
JY27336,Oregon,F,College,820538,85840,102,1/2/00,Corporate Auto,SUV,138,1/2/00
PB54378,Oregon,F,Doctor,1958246,26463,72,1/0/00,Corporate Auto,Four-Door Car,345,1/0/00
SV38190,Nevada,F,Bachelor,648152,30689,81,1/0/00,Personal Auto,Four-Door Car,467,1/0/00
CV24005,Oregon,M,High School or Below,259931,29590,66,1/0/00,Corporate Auto,Two-Door Car,467,1/0/00
EX28656,Oregon,F,College,983033,25965,253,1/0/00,Personal Auto,Luxury SUV,1214,1/0/00
CF57022,Oregon,M,Bachelor,1044265,17269,139,1/0/00,Personal Auto,SUV,667,1/0/00
GM16780,Oregon,M,College,3605753,90330,137,1/3/00,Corporate Auto,Sports Car,192,1/3/00
BX94438,California,F,High School or Below,847003,0,113,1/0/00,Corporate Auto,SUV,619,1/0/00
RM41745,California,F,High School or Below,827878,0,110,1/0/00,Personal Auto,Four-Door Car,1002,1/0/00
XR70252,California,F,High School or Below,478893,0,67,1/1/00,Personal Auto,Two-Door Car,321,1/1/00
YH92099,AZ,F,Bachelor,308799,18558,80,1/0/00,Special Auto,Four-Door Car,384,1/0/00
SG81493,Arizona,M,Bachelor,444373,46384,113,1/0/00,Corporate Auto,Four-Door Car,251,1/0/00
ZX23819,Oregon,F,High School or Below,798408,0,72,1/0/00,Personal Auto,Two-Door Car,866,1/0/00
FJ54907,Oregon,F,College,718097,42303,180,1/0/00,Personal Auto,Luxury SUV,1210,1/0/00
CU26127,California,F,Bachelor,1565603,71731,130,1/0/00,Corporate Auto,SUV,599,1/0/00
YH60476,Oregon,M,High School or Below,578018,51066,74,1/0/00,Corporate Auto,Four-Door Car,787,1/0/00
ZZ97035,California,M,College,2071494,0,203,1/0/00,Corporate Auto,Luxury Car,2027,1/0/00
GE82737,Nevada,F,Bachelor,533735,0,86,1/3/00,Personal Auto,Four-Door Car,619,1/3/00
KY21873,Arizona,M,College,505082,0,69,1/0/00,Personal Auto,Two-Door Car,72,1/0/00
UA51318,Arizona,F,High School or Below,511662,26173,68,1/1/00,Corporate Auto,Four-Door Car,449,1/1/00
BV55014,Oregon,M,Bachelor,726873,24445,63,1/0/00,Personal Auto,Two-Door Car,302,1/0/00
HX21307,Oregon,Male,College,261661,72302,66,1/0/00,Personal Auto,Two-Door Car,316,1/0/00
LQ68252,Oregon,Male,High School or Below,373843,27208,102,1/0/00,Personal Auto,SUV,489,1/0/00
CR92802,California,F,Master,272535,36650,69,1/1/00,Special Auto,Four-Door Car,56,1/1/00
SL35268,Arizona,Male,College,545386,30855,68,1/0/00,Corporate Auto,Four-Door Car,259,1/0/00
RD62882,Arizona,F,Bachelor,684615,0,95,1/0/00,Personal Auto,Two-Door Car,456,1/0/00
JS42382,Oregon,Male,Master,617291,99960,76,1/0/00,Corporate Auto,Four-Door Car,364,1/0/00
BT30554,Arizona,F,Bachelor,1034632,0,98,1/0/00,Personal Auto,Four-Door Car,470,1/0/00
VP57424,Nevada,F,Bachelor,699700,55873,88,1/0/00,Personal Auto,Four-Door Car,299,1/0/00
VU19243,Arizona,F,High School or Below,419625,18052,111,1/0/00,Personal Auto,Four-Door Car,699,1/0/00
TA82973,Oregon,F,High School or Below,785810,28937,104,1/2/00,Personal Auto,SUV,117,1/2/00
GK71720,Oregon,F,High School or Below,606434,0,86,1/0/00,Personal Auto,Four-Door Car,545,1/0/00
OQ61223,California,Male,College,1749752,0,73,1/0/00,Personal Auto,Two-Door Car,350,1/0/00
LL62746,Oregon,Male,Doctor,897064,12829,118,1/0/00,Personal Auto,SUV,328,1/0/00
JQ56711,Oregon,F,Master,592311,92163,73,1/0/00,Personal Auto,Two-Door Car,66,1/0/00
AW77988,Oregon,Male,High School or Below,3585059,17588,192,1/0/00,Personal Auto,Luxury Car,1382,1/0/00
QP84605,Washington,F,Bachelor,870984,41546,111,1/0/00,Corporate Auto,Four-Door Car,121,1/0/00
MY97912,Arizona,Male,College,1330933,0,127,1/0/00,Personal Auto,SUV,609,1/0/00
IB87349,California,M,High School or Below,452850,70340,113,1/0/00,Special Auto,Four-Door Car,542,1/0/00
AW73065,Oregon,F,High School or Below,279190,0,74,1/0/00,Personal Auto,Four-Door Car,532,1/0/00
BW80872,Washington,M,High School or Below,443441,34549,111,1/0/00,Personal Auto,Four-Door Car,125,1/0/00
PX70175,Arizona,M,College,799600,93459,99,1/0/00,Personal Auto,Four-Door Car,655,1/0/00
KF75098,Arizona,M,Bachelor,512973,86148,65,1/2/00,Personal Auto,Four-Door Car,312,1/2/00
IS50283,California,F,Bachelor,569717,27048,72,1/0/00,Corporate Auto,Four-Door Car,345,1/0/00
MY64920,Oregon,F,College,921713,73259,115,1/0/00,Personal Auto,SUV,673,1/0/00
KN34250,Oregon,F,College,1020892,35482,129,1/0/00,Corporate Auto,SUV,619,1/0/00
GN46207,Oregon,F,Master,417068,29462,107,1/1/00,Personal Auto,SUV,513,1/1/00
KL57176,Oregon,F,College,450540,67801,115,1/1/00,Personal Auto,SUV,23,1/1/00
MN94234,California,M,High School or Below,310756,0,94,1/4/00,Personal Auto,Two-Door Car,451,1/4/00
JY90595,Arizona,M,High School or Below,552866,16042,73,1/0/00,Personal Auto,Two-Door Car,350,1/0/00
HK26543,California,M,High School or Below,504586,28056,64,1/1/00,Personal Auto,Four-Door Car,307,1/1/00
PN86062,California,M,High School or Below,296272,16495,85,1/3/00,Corporate Auto,Four-Door Car,408,1/3/00
VW27730,California,F,Master,866595,41163,108,1/0/00,Corporate Auto,SUV,231,1/0/00
SH55671,Arizona,F,College,1141344,0,161,1/1/00,Personal Auto,Sports Car,772,1/1/00
MO56878,California,M,Bachelor,1548843,33799,109,1/3/00,Corporate Auto,SUV,664,1/3/00
VO38365,Washington,F,College,886114,90125,110,1/0/00,Corporate Auto,SUV,128,1/0/00
SV35618,Oregon,F,Bachelor,593474,87747,147,1/1/00,Personal Auto,SUV,46,1/1/00
RX12347,Nevada,M,College,354323,35695,90,1/0/00,Personal Auto,Four-Door Car,432,1/0/00
FR55658,California,M,Master,349002,90985,87,1/0/00,Personal Auto,Four-Door Car,78,1/0/00
XS12556,California,F,College,368309,0,101,1/0/00,Corporate Auto,Sports Car,564,1/0/00
ZU73588,California,M,College,598977,66839,154,1/0/00,Personal Auto,Sports Car,739,1/0/00
WT43034,California,F,High School or Below,1250084,0,165,1/0/00,Personal Auto,SUV,792,1/0/00
VM13430,Oregon,F,Bachelor,860915,79090,107,1/0/00,Corporate Auto,SUV,289,1/0/00
TC78849,Oregon,M,Bachelor,249745,24825,64,1/0/00,Personal Auto,Two-Door Car,155,1/0/00
VC34764,California,M,College,701917,26806,63,1/0/00,Personal Auto,Four-Door Car,302,1/0/00
WO90953,Oregon,F,College,538792,56835,67,1/0/00,Personal Auto,Two-Door Car,326,1/0/00
IU47468,Oregon,F,Bachelor,616555,0,88,1/0/00,Special Auto,Two-Door Car,653,1/0/00
KO46064,California,M,Bachelor,273020,46135,69,1/0/00,Personal Auto,Four-Door Car,103,1/0/00
RB34917,Arizona,F,Bachelor,516211,0,73,1/0/00,Personal Auto,Four-Door Car,809,1/0/00
BI38192,Oregon,F,High School or Below,793706,22862,67,1/0/00,Personal Auto,Two-Door Car,321,1/0/00
PU18983,Oregon,F,High School or Below,860815,21450,110,1/2/00,Personal Auto,Sports Car,528,1/2/00
SW79912,Oregon,M,Bachelor,263254,95854,65,1/0/00,Personal Auto,Two-Door Car,312,1/0/00
ES39217,Oregon,F,Bachelor,778500,44897,99,1/1/00,Personal Auto,Four-Door Car,580,1/1/00
KP72427,Washington,M,High School or Below,2163983,64455,108,1/0/00,Personal Auto,SUV,133,1/0/00
UA19178,Oregon,F,Master,498082,53265,62,1/0/00,Personal Auto,Four-Door Car,238,1/0/00
PR53785,Arizona,F,High School or Below,745723,0,198,1/1/00,Personal Auto,Luxury Car,1577,1/1/00
XF57481,Washington,M,Master,1064093,50450,90,1/0/00,Personal Auto,Two-Door Car,135,1/0/00
CN90378,California,F,High School or Below,686250,54780,88,1/3/00,Personal Auto,Four-Door Car,135,1/3/00
KI56154,Nevada,M,High School or Below,904898,0,119,1/0/00,Personal Auto,Sports Car,571,1/0/00
UI55951,California,M,Bachelor,554803,67798,69,1/0/00,Personal Auto,Four-Door Car,331,1/0/00
FF28650,Oregon,M,Bachelor,831268,21442,118,1/0/00,Personal Auto,SUV,566,1/0/00
FS55302,California,M,Bachelor,238998,27615,62,1/1/00,Personal Auto,Four-Door Car,297,1/1/00
TN79487,California,M,Bachelor,445811,17622,65,1/1/00,Personal Auto,Four-Door Car,312,1/1/00
HG32616,Nevada,M,High School or Below,529574,50200,135,1/0/00,Personal Auto,Sports Car,637,1/0/00
UK41984,Arizona,F,Doctor,383960,0,112,1/2/00,Personal Auto,SUV,537,1/2/00
LZ52266,California,F,High School or Below,373150,0,96,1/0/00,Personal Auto,Four-Door Car,460,1/0/00
PM27367,California,F,Master,277890,73570,70,1/1/00,Special Auto,Two-Door Car,75,1/1/00
ZK21724,Oregon,F,High School or Below,401654,0,111,1/0/00,Personal Auto,SUV,799,1/0/00
BH35482,Washington,M,Doctor,493094,70412,61,1/0/00,Corporate Auto,Two-Door Car,136,1/0/00
QE22757,Nevada,M,Doctor,249131,36631,62,1/0/00,Personal Auto,Four-Door Car,67,1/0/00
ON77649,Oregon,F,College,290887,35895,73,1/0/00,Personal Auto,Four-Door Car,312,1/0/00
RN82884,Arizona,F,College,428294,40864,109,1/1/00,Personal Auto,SUV,166,1/1/00
CQ75652,Oregon,M,College,834162,0,118,1/0/00,Personal Auto,Four-Door Car,566,1/0/00
FF58467,Arizona,F,Master,509078,93018,63,1/0/00,Personal Auto,Four-Door Car,135,1/0/00
BS83666,Oregon,M,Bachelor,736618,70014,62,1/0/00,Corporate Auto,Four-Door Car,17,1/0/00
WO29605,Oregon,F,College,243687,48875,61,1/0/00,Personal Auto,Two-Door Car,1,1/0/00
TL77607,California,M,Bachelor,885268,67969,74,1/0/00,Personal Auto,Four-Door Car,197,1/0/00
EZ50606,Oregon,F,High School or Below,2387547,0,108,1/0/00,Corporate Auto,SUV,612,1/0/00
OS39723,Oregon,F,Doctor,560049,68665,69,1/0/00,Personal Auto,Two-Door Car,331,1/0/00
FN69743,California,M,College,463654,26802,66,1/1/00,Corporate Auto,Two-Door Car,316,1/1/00
XW96958,Nevada,M,High School or Below,757334,0,110,1/0/00,Corporate Auto,Four-Door Car,1193,1/0/00
TU92578,California,M,College,1469663,45345,125,1/0/00,Personal Auto,SUV,600,1/0/00
TL43709,Washington,M,Bachelors,897214,89689,74,1/0/00,Personal Auto,Four-Door Car,136,1/0/00
YE68736,California,F,Bachelor,772484,32051,193,1/1/00,Personal Auto,SUV,926,1/1/00
OB96537,Oregon,M,Master,594667,81139,74,1/0/00,Special Auto,Four-Door Car,392,1/0/00
EU68825,Oregon,F,Master,800054,63834,100,1/1/00,Personal Auto,Sports Car,215,1/1/00
CC31456,Arizona,M,Bachelor,645756,37548,81,1/0/00,Special Auto,Four-Door Car,160,1/0/00
DJ77787,Arizona,F,High School or Below,728144,0,69,1/3/00,Personal Auto,Four-Door Car,371,1/3/00
LN26837,California,M,High School or Below,259243,72421,65,1/0/00,Personal Auto,Four-Door Car,312,1/0/00
YI92916,Nevada,M,Master,467842,83102,116,1/0/00,Corporate Auto,Four-Door Car,443,1/0/00
NW54906,Oregon,M,College,1386992,28432,118,1/0/00,Personal Auto,SUV,612,1/0/00
ME77513,Nevada,F,Master,871777,83707,108,1/0/00,Corporate Auto,Four-Door Car,290,1/0/00
UK76891,California,F,College,523398,63259,65,1/0/00,Corporate Auto,Four-Door Car,316,1/0/00
SI26888,Nevada,F,High School or Below,476418,0,67,1/0/00,Personal Auto,Four-Door Car,405,1/0/00
YD74948,Oregon,F,College,247246,63860,62,1/0/00,Personal Auto,Four-Door Car,208,1/0/00
HB64268,Washington,M,Bachelor,281369,43836,73,1/0/00,Personal Auto,Four-Door Car,138,1/0/00
BW52697,California,F,College,550505,86132,68,1/0/00,Personal Auto,Two-Door Car,301,1/0/00
NL41409,Oregon,F,Bachelor,260620,28519,66,1/0/00,Personal Auto,Two-Door Car,456,1/0/00
OD69005,Arizona,F,High School or Below,1048194,39102,88,1/0/00,Personal Auto,Four-Door Car,152,1/0/00
ZZ91716,California,F,Bachelor,325676,0,89,1/0/00,Personal Auto,Four-Door Car,491,1/0/00
UK70255,California,F,College,3047578,97298,128,1/0/00,Personal Auto,Sports Car,48,1/0/00
QT25383,Nevada,M,High School or Below,636490,41986,84,1/2/00,Personal Auto,Two-Door Car,430,1/2/00
AW18068,Arizona,M,High School or Below,946850,0,88,1/0/00,Personal Auto,Two-Door Car,633,1/0/00
NS45347,Oregon,F,College,563145,17291,73,1/0/00,Personal Auto,Four-Door Car,350,1/0/00
FV19421,California,M,Bachelor,778099,0,74,1/0/00,Personal Auto,Four-Door Car,246,1/0/00
XW89091,California,M,College,981652,37256,62,1/0/00,Personal Auto,Four-Door Car,128,1/0/00
YC11951,Oregon,M,High School or Below,751913,96306,95,1/1/00,Corporate Auto,Four-Door Car,185,1/1/00
UY18770,California,F,Bachelor,1017971,14290,271,1/0/00,Personal Auto,Luxury SUV,1300,1/0/00
RA49085,California,F,College,277283,37038,71,1/1/00,Corporate Auto,Four-Door Car,9,1/1/00
BG84194,Oregon,M,College,403750,90760,103,1/2/00,Special Auto,SUV,133,1/2/00
PT64580,Washington,M,Master,419196,77048,103,1/0/00,Personal Auto,SUV,141,1/0/00
MR67738,Oregon,F,High School or Below,267686,54480,67,1/0/00,Personal Auto,Four-Door Car,321,1/0/00
DM95829,California,M,College,252395,16244,68,1/0/00,Personal Auto,Two-Door Car,623,1/0/00
DB75522,California,F,College,698840,22436,89,1/0/00,Special Auto,Four-Door Car,427,1/0/00
LM34525,Washington,F,College,874205,71592,72,1/0/00,Personal Auto,Four-Door Car,141,1/0/00
WW30771,Arizona,M,Master,267331,28728,67,1/0/00,Personal Auto,Four-Door Car,321,1/0/00
QP65569,Arizona,M,High School or Below,1215732,57449,103,1/0/00,Personal Auto,Four-Door Car,494,1/0/00
TN50051,California,F,Doctor,295776,83318,73,1/0/00,Personal Auto,Two-Door Car,211,1/0/00
UO86707,Washington,M,Bachelors,717390,75217,61,1/1/00,Personal Auto,Four-Door Car,147,1/1/00
JA41698,Nevada,M,Bachelor,309953,0,102,1/5/00,Corporate Auto,SUV,862,1/5/00
NX18774,Oregon,M,Bachelor,841568,55308,107,1/0/00,Corporate Auto,SUV,513,1/0/00
DA69469,Oregon,F,College,2684312,36068,97,1/0/00,Personal Auto,Two-Door Car,113,1/0/00
CN23147,Oregon,M,Bachelor,1305717,48804,112,1/1/00,Corporate Auto,Four-Door Car,537,1/1/00
RA68844,Oregon,M,College,959995,0,131,1/0/00,Personal Auto,SUV,943,1/0/00
GH42026,Oregon,M,Bachelor,853510,55790,111,1/0/00,Personal Auto,SUV,117,1/0/00
BD16530,Arizona,F,Bachelor,829348,70258,69,1/0/00,Personal Auto,Four-Door Car,225,1/0/00
JH91579,Oregon,F,Bachelor,684615,0,95,1/0/00,Personal Auto,Two-Door Car,456,1/0/00
WK23685,Oregon,F,Bachelor,663685,47274,83,1/1/00,Corporate Auto,Four-Door Car,182,1/1/00
GR62267,Washington,F,College,560908,44705,71,1/0/00,Personal Auto,Two-Door Car,148,1/0/00
PI78084,Arizona,M,High School or Below,507732,0,73,1/0/00,Personal Auto,Two-Door Car,525,1/0/00
GF97874,Washington,F,Master,527562,70446,65,1/0/00,Personal Auto,Four-Door Car,155,1/0/00
ZH19885,Washington,F,High School or Below,251459,43860,65,1/0/00,Personal Auto,Four-Door Car,156,1/0/00
UK25655,Oregon,F,Bachelor,343525,64348,86,1/0/00,Personal Auto,Two-Door Car,212,1/0/00
QR45101,Oregon,M,Bachelor,662461,0,62,1/0/00,Corporate Auto,Two-Door Car,297,1/0/00
EL93539,California,M,Master,575744,88997,72,1/0/00,Special Auto,Four-Door Car,174,1/0/00
EE99484,Washington,F,High School or Below,251459,43860,65,1/0/00,Corporate Auto,Four-Door Car,156,1/0/00
DP46882,California,F,High School or Below,288645,10312,78,1/0/00,Corporate Auto,Four-Door Car,486,1/0/00
WP41146,California,F,High School or Below,534143,0,72,1/1/00,Personal Auto,Four-Door Car,345,1/1/00
TK60799,Arizona,F,High School or Below,416001,96263,103,1/0/00,Personal Auto,SUV,1,1/0/00
DN29808,California,F,College,284624,28919,72,1/0/00,Corporate Auto,Four-Door Car,518,1/0/00
SS59521,Oregon,F,College,477025,0,68,1/1/00,Personal Auto,Two-Door Car,326,1/1/00
NG66579,Oregon,M,Bachelor,505961,41869,64,1/0/00,Personal Auto,Two-Door Car,262,1/0/00
TC14209,Arizona,F,High School or Below,909574,0,128,1/0/00,Personal Auto,SUV,921,1/0/00
ED50963,California,F,High School or Below,268886,32808,68,1/1/00,Personal Auto,Four-Door Car,541,1/1/00
GP40701,California,F,Bachelor,827763,79780,68,1/0/00,Personal Auto,Four-Door Car,326,1/0/00
CP98451,Oregon,F,College,905793,91025,112,1/0/00,Personal Auto,SUV,327,1/0/00
NX52648,California,F,High School or Below,380175,33043,95,1/0/00,Personal Auto,Two-Door Car,456,1/0/00
ZC32510,Arizona,M,High School or Below,933934,69442,118,1/3/00,Personal Auto,Four-Door Car,1265,1/3/00
NG27780,Oregon,M,College,252012,0,70,1/0/00,Corporate Auto,Four-Door Car,63,1/0/00
HN95240,Arizona,F,College,498409,0,70,1/0/00,Corporate Auto,Four-Door Car,336,1/0/00
EB59129,Oregon,F,Bachelor,259574,47234,65,1/0/00,Personal Auto,Four-Door Car,15,1/0/00
RA70851,Oregon,M,High School or Below,743769,86863,92,1/0/00,Personal Auto,Four-Door Car,441,1/0/00
PM19162,Oregon,M,Bachelor,1453678,25805,66,1/2/00,Personal Auto,Four-Door Car,375,1/2/00
MS59005,Nevada,M,Bachelor,591330,43676,76,1/0/00,Personal Auto,Four-Door Car,364,1/0/00
SU71163,Arizona,M,College,277166,59855,74,1/4/00,Personal Auto,Two-Door Car,355,1/4/00
BD35676,Arizona,M,Master,2919436,35296,126,1/0/00,Personal Auto,SUV,452,1/0/00
NI44621,Oregon,F,Master,988038,36576,125,1/1/00,Personal Auto,SUV,113,1/1/00
EW33419,California,F,High School or Below,1511440,28513,100,1/1/00,Corporate Auto,SUV,480,1/1/00
HX44948,Oregon,M,Bachelor,575991,85448,72,1/0/00,Special Auto,Four-Door Car,16,1/0/00
DL36983,Oregon,F,High School or Below,849516,23791,110,1/3/00,Personal Auto,Two-Door Car,615,1/3/00
XR87264,California,F,Bachelor,438118,20597,112,1/0/00,Personal Auto,Four-Door Car,615,1/0/00
NN99001,Arizona,F,College,699782,56940,87,1/0/00,Personal Auto,Four-Door Car,512,1/0/00
XV95530,Oregon,M,Bachelor,1143058,93210,71,1/0/00,Personal Auto,Two-Door Car,74,1/0/00
OL97871,Oregon,F,Bachelor,748248,48992,94,1/1/00,Personal Auto,Four-Door Car,426,1/1/00
HQ23708,Arizona,F,Master,859691,53736,71,1/0/00,Personal Auto,Two-Door Car,169,1/0/00
WR63188,Arizona,M,College,785496,25378,66,1/1/00,Personal Auto,Four-Door Car,419,1/1/00
NG82219,Oregon,F,Bachelor,258240,76731,64,1/0/00,Personal Auto,Four-Door Car,201,1/0/00
KU29408,Washington,M,Master,907576,37722,116,1/0/00,Corporate Auto,Sports Car,158,1/0/00
RE46783,California,F,Bachelor,411858,69379,103,1/0/00,Personal Auto,Two-Door Car,494,1/0/00
RU94434,Oregon,M,High School or Below,1215732,57449,103,1/0/00,Personal Auto,Four-Door Car,494,1/0/00
GI82355,Arizona,M,Bachelor,515281,0,68,1/0/00,Corporate Auto,Four-Door Car,326,1/0/00
VO26340,Nevada,M,College,651297,0,93,1/0/00,Personal Auto,Two-Door Car,669,1/0/00
NV61299,Arizona,F,Bachelor,2778969,33806,89,1/0/00,Corporate Auto,Four-Door Car,395,1/0/00
DX31066,Washington,F,College,266727,94041,66,1/0/00,Personal Auto,Four-Door Car,159,1/0/00
CY50337,Oregon,F,College,1092840,74965,90,1/0/00,Personal Auto,Four-Door Car,58,1/0/00
TJ20375,Arizona,F,High School or Below,761538,34095,63,1/0/00,Personal Auto,Two-Door Car,302,1/0/00
EP72155,California,F,College,200435,0,66,1/4/00,Personal Auto,Four-Door Car,316,1/4/00
JJ76159,California,M,College,243468,96045,61,1/0/00,Corporate Auto,Four-Door Car,8,1/0/00
BG15419,Nevada,F,Bachelor,1419536,86355,118,1/0/00,Personal Auto,Sports Car,285,1/0/00
AO74776,California,F,High School or Below,942768,27824,118,1/0/00,Personal Auto,SUV,566,1/0/00
HQ82233,California,M,High School or Below,1198242,42995,101,1/0/00,Personal Auto,SUV,410,1/0/00
OL72737,Oregon,F,High School or Below,310278,21235,79,1/0/00,Personal Auto,Two-Door Car,244,1/0/00
ZQ59828,California,M,High School or Below,422263,74585,106,1/0/00,Personal Auto,SUV,218,1/0/00
NZ15548,Oregon,M,Bachelor,402381,41833,103,1/0/00,Personal Auto,Four-Door Car,643,1/0/00
XK61304,California,F,College,529715,23908,70,1/0/00,Personal Auto,Four-Door Car,336,1/0/00
EJ44139,Oregon,M,Bachelor,2142363,0,65,1/0/00,Personal Auto,Two-Door Car,312,1/0/00
CM94425,Arizona,M,Bachelor,441620,61953,113,1/0/00,Personal Auto,SUV,497,1/0/00
OV54878,California,M,Bachelor,463903,0,142,1/0/00,Corporate Auto,SUV,1022,1/0/00
JF57282,Nevada,M,Bachelor,486354,0,137,1/0/00,Personal Auto,SUV,657,1/0/00
MY37953,Arizona,F,Bachelor,2583090,73760,107,1/1/00,Personal Auto,Sports Car,230,1/1/00
XP64922,Oregon,F,College,297431,23333,74,1/0/00,Corporate Auto,Four-Door Car,5,1/0/00
WL65572,California,M,College,206445,0,61,1/0/00,Personal Auto,Four-Door Car,292,1/0/00
LN50325,Arizona,F,High School or Below,1006460,20440,128,1/2/00,Corporate Auto,Sports Car,614,1/2/00
HJ15383,Washington,M,Master,803240,27658,68,1/0/00,Personal Auto,Four-Door Car,160,1/0/00
KH59823,California,M,College,548921,50943,139,1/0/00,Special Auto,SUV,667,1/0/00
YM79169,California,M,Bachelor,261275,19003,71,1/0/00,Personal Auto,Two-Door Car,34,1/0/00
DR38127,California,M,College,857346,46703,108,1/0/00,Personal Auto,Four-Door Car,678,1/0/00
PU42145,California,M,Bachelor,2412750,14072,71,1/0/00,Personal Auto,Four-Door Car,511,1/0/00
KM33477,Oregon,M,College,855038,21733,73,1/0/00,Corporate Auto,Four-Door Car,525,1/0/00
RI53167,Arizona,M,Bachelor,230864,20811,61,1/0/00,Personal Auto,Four-Door Car,292,1/0/00
OF77789,Arizona,F,High School or Below,425462,11904,61,1/2/00,Personal Auto,Two-Door Car,292,1/2/00
YB33445,Oregon,F,College,898285,43490,114,1/4/00,Corporate Auto,SUV,174,1/4/00
BA17836,California,M,High School or Below,786816,57340,67,1/0/00,Corporate Auto,Four-Door Car,159,1/0/00
JS43228,California,M,College,770424,49088,97,1/0/00,Corporate Auto,Four-Door Car,698,1/0/00
BB11622,Nevada,M,Master,1055217,47761,131,1/0/00,Personal Auto,SUV,232,1/0/00
HQ70429,Washington,F,College,1604510,0,65,1/0/00,Personal Auto,Two-Door Car,163,1/0/00
WK88044,Arizona,M,Bachelor,873783,61281,110,1/0/00,Personal Auto,SUV,79,1/0/00
LA80525,Nevada,M,Bachelor,545489,0,82,1/1/00,Corporate Auto,Two-Door Car,393,1/1/00
EH16250,Arizona,M,Bachelor,770528,25290,66,1/0/00,Personal Auto,Four-Door Car,382,1/0/00
PU41872,Arizona,F,High School or Below,703926,24239,88,1/0/00,Personal Auto,Four-Door Car,48,1/0/00
HB85743,California,M,Bachelor,883808,82664,114,1/3/00,Personal Auto,SUV,133,1/3/00
MM71959,Arizona,M,Bachelor,873352,83210,110,1/0/00,Personal Auto,Sports Car,528,1/0/00
MB83663,Oregon,F,Bachelor,959747,38736,81,1/0/00,Personal Auto,Two-Door Car,561,1/0/00
KR43119,California,M,College,450666,0,66,1/0/00,Personal Auto,Four-Door Car,316,1/0/00
KH24214,Oregon,M,College,1785797,55437,64,1/1/00,Personal Auto,Four-Door Car,445,1/1/00
AC40767,Washington,M,Bachelors,249780,68041,6464,1/0/00,Personal Auto,Two-Door Car,165,1/0/00
HP55391,Oregon,M,Master,542613,0,71,1/0/00,Corporate Auto,Four-Door Car,407,1/0/00
EG62398,California,F,High School or Below,799814,29066,100,1/0/00,Personal Auto,SUV,844,1/0/00
VS19949,Nevada,M,Bachelor,289762,54337,72,1/0/00,Personal Auto,Four-Door Car,345,1/0/00
AM92343,Oregon,F,High School or Below,1159950,67616,96,1/0/00,Personal Auto,Four-Door Car,340,1/0/00
GI68556,California,F,Bachelor,1514793,41082,63,1/0/00,Personal Auto,Two-Door Car,106,1/0/00
JT11876,WA,F,High School or Below,543576,0,10202,1/0/00,Personal Auto,Four-Door Car,626,1/0/00
XR64251,Nevada,F,Master,272535,36650,69,1/1/00,Personal Auto,Four-Door Car,56,1/1/00
MK34957,Oregon,F,College,1329771,50631,112,1/4/00,Special Auto,SUV,784,1/4/00
GP18756,California,M,College,992704,19592,92,1/0/00,Personal Auto,Four-Door Car,441,1/0/00
AP23850,WA,F,High School or Below,1777154,0,114,1/0/00,Personal Auto,Two-Door Car,547,1/0/00
KQ65521,Arizona,F,College,1826927,55761,115,1/0/00,Personal Auto,Sports Car,86,1/0/00
EJ19449,California,F,College,272221,17576,71,1/0/00,Special Auto,Four-Door Car,398,1/0/00
QB70027,California,F,Bachelor,708321,41449,89,1/0/00,Personal Auto,Four-Door Car,63,1/0/00
QW47320,Cali,F,Bachelor,1017971,14290,271,1/0/00,Personal Auto,Luxury SUV,1300,1/0/00
KH64733,Nevada,F,College,588950,62007,73,1/0/00,Personal Auto,Four-Door Car,120,1/0/00
ON59472,Arizona,M,High School or Below,1577139,21921,206,1/0/00,Corporate Auto,Luxury SUV,1254,1/0/00
HP94242,Arizona,F,Bachelor,528817,42621,66,1/0/00,Personal Auto,Four-Door Car,316,1/0/00
RV15398,Oregon,M,College,2758055,0,87,1/1/00,Personal Auto,Four-Door Car,417,1/1/00
EA25683,WA,M,High School or Below,777853,63786,196,1/0/00,Corporate Auto,Luxury SUV,798,1/0/00
PW73754,Cali,F,High School or Below,734186,0,104,1/3/00,Personal Auto,Sports Car,82,1/3/00
MC71942,Cali,F,High School or Below,791919,82877,99,1/1/00,Personal Auto,Two-Door Car,22,1/1/00
OX72195,Arizona,M,College,216387,0,63,1/0/00,Corporate Auto,Two-Door Car,302,1/0/00
YQ99152,Nevada,M,High School or Below,978780,10475,88,1/1/00,Personal Auto,Two-Door Car,422,1/1/00
KI19439,Oregon,F,High School or Below,520764,21952,66,1/0/00,Personal Auto,Four-Door Car,316,1/0/00
PM76175,Oregon,F,Bachelor,2114727,49721,132,1/0/00,Corporate Auto,Sports Car,639,1/0/00
US45383,Cali,M,College,1228076,88340,102,1/0/00,Personal Auto,Two-Door Car,489,1/0/00
GT38956,Cali,F,College,244139,0,65,1/0/00,Personal Auto,Four-Door Car,312,1/0/00
SN41301,Oregon,M,Bachelor,653556,0,65,1/0/00,Corporate Auto,Four-Door Car,468,1/0/00
BE62503,WA,F,College,920659,24589,82,1/0/00,Personal Auto,Two-Door Car,511,1/0/00
PA16884,Cali,F,Bachelor,411858,69379,103,1/0/00,Personal Auto,Two-Door Car,494,1/0/00
NC58480,Nevada,F,Bachelor,483820,73769,61,1/2/00,Personal Auto,Four-Door Car,239,1/2/00
NS39326,Cali,F,College,462554,66670,114,1/0/00,Personal Auto,SUV,518,1/0/00
PN18507,Arizona,M,Bachelor,1404210,88854,118,1/0/00,Personal Auto,Two-Door Car,715,1/0/00
EK91340,Oregon,M,Bachelor,754661,31266,193,1/0/00,Corporate Auto,Luxury Car,926,1/0/00
JY16280,Cali,F,High School or Below,251459,43860,65,1/0/00,Personal Auto,Four-Door Car,156,1/0/00
ZW71731,Cali,M,Bachelor,517035,89284,133,1/2/00,Corporate Auto,SUV,402,1/2/00
ZC24631,Oregon,M,College,1391737,67267,89,1/0/00,Corporate Auto,Four-Door Car,94,1/0/00
YR34689,Cali,F,High School or Below,1131813,79270,95,1/3/00,Personal Auto,Four-Door Car,456,1/3/00
RT65829,Oregon,M,Bachelor,427636,36692,109,1/1/00,Personal Auto,Four-Door Car,523,1/1/00
BZ12077,Oregon,F,High School or Below,432224,0,119,1/0/00,Personal Auto,SUV,571,1/0/00
WM65373,Cali,F,College,800230,0,107,1/0/00,Corporate Auto,SUV,513,1/0/00
NH35059,Nevada,M,College,388545,0,105,1/0/00,Corporate Auto,Four-Door Car,504,1/0/00
QD38160,Oregon,M,College,447177,0,135,1/0/00,Personal Auto,SUV,972,1/0/00
BM15160,Cali,F,High School or Below,849635,44624,71,1/1/00,Special Auto,Four-Door Car,73,1/1/00
VY79030,Arizona,F,College,2250088,0,71,1/0/00,Corporate Auto,Four-Door Car,340,1/0/00
EV19512,Nevada,F,Master,1630196,19614,85,1/0/00,Personal Auto,Two-Door Car,574,1/0/00
TE13577,Oregon,F,College,231973,0,64,1/0/00,Personal Auto,Four-Door Car,632,1/0/00
WY97929,Arizona,M,College,871704,83846,74,1/3/00,Special Auto,Four-Door Car,355,1/3/00
YG20683,WA,M,College,286011,51159,72,1/0/00,Personal Auto,Four-Door Car,4,1/0/00
FK75497,Cali,M,College,245340,83772,62,1/0/00,Personal Auto,Two-Door Car,42,1/0/00
NE60110,Arizona,M,College,598977,66839,154,1/0/00,Personal Auto,Sports Car,739,1/0/00
TN36521,Arizona,F,College,2498022,88440,70,1/0/00,Personal Auto,Two-Door Car,27,1/0/00
HG33568,Arizona,F,Master,748263,25666,63,1/2/00,Personal Auto,Four-Door Car,270,1/2/00
TW17878,Oregon,F,High School or Below,245757,52926,61,1/0/00,Personal Auto,Four-Door Car,292,1/0/00
ZO83562,Nevada,F,Bachelor,237974,0,67,1/0/00,Personal Auto,Four-Door Car,494,1/0/00
CH97539,WA,F,Bachelor,828696,40001,70,1/0/00,Personal Auto,Four-Door Car,142,1/0/00
CV29889,Cali,M,College,239391,0,70,1/0/00,Personal Auto,Four-Door Car,425,1/0/00
MO33320,Oregon,M,College,465715,18024,65,1/0/00,Personal Auto,Two-Door Car,312,1/0/00
QZ81258,Oregon,F,College,1319792,0,68,1/3/00,Personal Auto,Four-Door Car,326,1/3/00
NY56352,Oregon,F,Bachelor,280391,23220,74,1/0/00,Personal Auto,Four-Door Car,251,1/0/00
EA27048,Cali,F,High School or Below,864650,64125,108,1/0/00,Personal Auto,SUV,369,1/0/00
UT38865,Oregon,F,College,742587,58042,62,1/0/00,Corporate Auto,Four-Door Car,161,1/0/00
QC89139,Oregon,F,High School or Below,452873,90034,112,1/0/00,Corporate Auto,SUV,537,1/0/00
LA14484,Nevada,M,High School or Below,222707,27972,61,1/0/00,Special Auto,Four-Door Car,292,1/0/00
HN57556,Cali,F,High School or Below,729294,0,65,1/0/00,Personal Auto,Four-Door Car,312,1/0/00
CV31235,Arizona,M,Bachelor,318435,50989,80,1/0/00,Corporate Auto,Four-Door Car,255,1/0/00
WR45726,Arizona,F,Bachelor,1131520,11885,101,1/0/00,Special Auto,Four-Door Car,484,1/0/00
LB25094,Cali,F,Bachelor,253070,89451,63,1/0/00,Special Auto,Four-Door Car,61,1/0/00
KW56110,Oregon,M,Bachelor,1836155,0,182,1/0/00,Personal Auto,Luxury Car,1310,1/0/00
XO36233,WA,M,Bachelor,864153,78904,109,1/0/00,Personal Auto,SUV,250,1/0/00
ZX86243,Arizona,M,Doctor,327853,70247,83,1/1/00,Personal Auto,Four-Door Car,141,1/1/00
DW29763,Arizona,M,High School or Below,527198,32653,67,1/0/00,Personal Auto,Two-Door Car,321,1/0/00
CT83377,WA,M,High School or Below,376363,93595,97,1/4/00,Special Auto,Four-Door Car,49,1/4/00
OQ90898,Cali,M,Master,1395556,90279,115,1/0/00,Personal Auto,SUV,372,1/0/00
GO77248,Oregon,F,College,500152,0,72,1/0/00,Personal Auto,Four-Door Car,542,1/0/00
QW33258,Cali,M,Bachelor,708283,53310,189,1/3/00,Personal Auto,Luxury Car,1360,1/3/00
OU79745,Cali,M,College,761948,0,105,1/0/00,Personal Auto,Four-Door Car,504,1/0/00
VZ79886,Oregon,F,Bachelor,1255088,22234,160,1/0/00,Personal Auto,SUV,768,1/0/00
FI92440,WA,F,High School or Below,3219660,91375,99,1/0/00,Personal Auto,Two-Door Car,72,1/0/00
YG85980,Nevada,F,High School or Below,679377,22250,86,1/0/00,Personal Auto,Two-Door Car,720,1/0/00
QM74621,Oregon,M,Bachelor,527231,0,80,1/0/00,Personal Auto,Four-Door Car,576,1/0/00
EI71732,Oregon,F,Doctor,626534,0,84,1/1/00,Personal Auto,Four-Door Car,481,1/1/00
VN79010,Cali,F,High School or Below,854758,51179,71,1/0/00,Corporate Auto,Four-Door Car,466,1/0/00
FI61723,Cali,M,Bachelor,278742,38667,72,1/0/00,Personal Auto,Four-Door Car,159,1/0/00
OH55411,Cali,F,Master,462680,79487,114,1/0/00,Corporate Auto,SUV,547,1/0/00
TF10720,Nevada,F,Doctor,866336,67763,107,1/2/00,Personal Auto,Four-Door Car,41,1/2/00
NW30838,Nevada,M,High School or Below,387222,0,62,1/2/00,Corporate Auto,Four-Door Car,503,1/2/00
CB58476,Oregon,F,College,517081,0,71,1/0/00,Corporate Auto,Four-Door Car,859,1/0/00
WI69346,Cali,F,Master,896028,71943,112,1/0/00,Corporate Auto,SUV,305,1/0/00
FS76657,Oregon,F,College,547183,53526,68,1/0/00,Personal Auto,Four-Door Car,278,1/0/00
YX89016,Oregon,M,College,3493100,35005,295,1/0/00,Personal Auto,Luxury Car,1416,1/0/00
PK28821,Cali,M,College,262039,24721,67,1/0/00,Personal Auto,Four-Door Car,139,1/0/00
MB51200,WA,M,College,1906949,0,102,1/2/00,Personal Auto,Four-Door Car,734,1/2/00
XG44587,Arizona,M,Master,575744,88997,72,1/0/00,Personal Auto,Four-Door Car,174,1/0/00
FG91922,Arizona,M,Master,4022401,48587,111,1/0/00,Personal Auto,SUV,532,1/0/00
OM99303,Arizona,F,High School or Below,270148,76310,67,1/0/00,Personal Auto,Two-Door Car,321,1/0/00
RV67546,Cali,M,Bachelor,371243,73205,92,1/0/00,Personal Auto,Four-Door Car,37,1/0/00
UJ79253,Oregon,F,College,2185084,51056,78,1/0/00,Personal Auto,Four-Door Car,95,1/0/00
PN98247,Cali,M,College,784016,58414,210,1/2/00,Personal Auto,Luxury SUV,1008,1/2/00
IB67546,Cali,F,Bachelor,823703,23940,107,1/0/00,Personal Auto,SUV,513,1/0/00
OE19087,Cali,F,High School or Below,224347,0,62,1/0/00,Personal Auto,Four-Door Car,446,1/0/00
CM95716,Cali,M,Bachelor,843446,44216,71,1/0/00,Personal Auto,Four-Door Car,72,1/0/00
MW62634,Cali,M,High School or Below,222707,27972,61,1/0/00,Corporate Auto,Four-Door Car,292,1/0/00
QW67581,Arizona,F,High School or Below,517002,0,69,1/0/00,Personal Auto,Four-Door Car,331,1/0/00
SN16059,Cali,F,Master,264144,29305,66,1/0/00,Personal Auto,Four-Door Car,475,1/0/00
OE51254,Cali,F,College,279068,53882,69,1/0/00,Personal Auto,Four-Door Car,331,1/0/00
RM42344,Oregon,M,College,274512,91757,69,1/1/00,Personal Auto,Four-Door Car,331,1/1/00
GB35238,Cali,F,Bachelor,757953,33906,64,1/0/00,Personal Auto,Two-Door Car,401,1/0/00
ML82674,Oregon,M,Bachelor,1097878,68158,139,1/1/00,Personal Auto,SUV,253,1/1/00
EI85244,Cali,M,College,825506,0,134,1/3/00,Personal Auto,SUV,643,1/3/00
DE28132,Oregon,M,College,474773,42165,123,1/0/00,Corporate Auto,SUV,799,1/0/00
TV25678,WA,M,College,354090,0,101,1/0/00,Personal Auto,SUV,727,1/0/00
TY26512,Cali,M,Doctor,343613,30817,88,1/0/00,Personal Auto,Four-Door Car,91,1/0/00
OB69153,Cali,M,Bachelor,258218,68074,65,1/0/00,Personal Auto,Four-Door Car,27,1/0/00
QZ77637,Washington,F,College,1166509,84978,35353,1/1/00,Corporate Auto,Four-Door Car,166,1/1/00
XN41715,Cali,F,Master,739628,71135,92,1/1/00,Personal Auto,Four-Door Car,270,1/1/00
QR15857,Cali,F,College,433079,0,61,1/0/00,Personal Auto,Two-Door Car,292,1/0/00
FL69363,Oregon,M,Master,907576,37722,116,1/0/00,Personal Auto,Sports Car,158,1/0/00
IS30295,Arizona,F,Bachelor,1463545,0,139,1/0/00,Personal Auto,SUV,667,1/0/00
WA25797,Washington,Male,High School or Below,856476,95697,107,1/0/00,Personal Auto,Sports Car,178,1/0/00
NL59519,Cali,F,College,1156568,64642,96,1/0/00,Personal Auto,Four-Door Car,404,1/0/00
ZU93025,Oregon,F,College,277104,50071,71,1/0/00,Personal Auto,Two-Door Car,18,1/0/00
DK94262,Oregon,M,High School or Below,850712,46754,106,1/1/00,Personal Auto,SUV,513,1/1/00
UQ30615,Cali,M,College,758211,64801,64,1/0/00,Corporate Auto,Four-Door Car,268,1/0/00
OR40060,Arizona,M,Bachelor,332309,70410,83,1/0/00,Personal Auto,Four-Door Car,131,1/0/00
DK32872,Nevada,F,High School or Below,523433,66957,131,1/1/00,Personal Auto,SUV,628,1/1/00
FA46418,Nevada,F,High School or Below,2470959,24213,78,1/1/00,Personal Auto,Four-Door Car,374,1/1/00
ER19995,Washington,F,College,1778627,99790,6464,1/0/00,Personal Auto,Four-Door Car,178,1/0/00
KI75855,Oregon,M,Master,255122,79751,63,1/0/00,Personal Auto,Two-Door Car,392,1/0/00
ND41876,Arizona,M,High School or Below,724771,86122,182,1/1/00,Personal Auto,Luxury SUV,873,1/1/00
PN21042,Arizona,M,Bachelor,453884,82297,116,1/0/00,Personal Auto,Sports Car,0,1/0/00
GJ43254,Washington,M,College,3164210,89057,98,1/0/00,Corporate Auto,Two-Door Car,187,1/0/00
AL46984,Cali,M,High School or Below,873042,43259,73,1/0/00,Personal Auto,Four-Door Car,350,1/0/00
JP58047,Oregon,M,College,833273,0,79,1/0/00,Personal Auto,Four-Door Car,379,1/0/00
ZE85014,Cali,M,College,235774,25064,62,1/0/00,Personal Auto,Four-Door Car,297,1/0/00
KU88219,Arizona,M,Master,463716,25816,119,1/0/00,Personal Auto,Sports Car,571,1/0/00
UU98729,Cali,M,Bachelor,535719,0,73,1/0/00,Personal Auto,Four-Door Car,350,1/0/00
WS82822,Oregon,F,College,539197,41662,69,1/0/00,Corporate Auto,Four-Door Car,217,1/0/00
YB49933,Arizona,M,Bachelor,369414,96170,92,1/0/00,Personal Auto,Four-Door Car,441,1/0/00
XC16387,Arizona,F,High School or Below,504041,46072,64,1/0/00,Personal Auto,Four-Door Car,25,1/0/00
XJ96748,Arizona,F,High School or Below,2749542,37931,99,1/0/00,Personal Auto,Four-Door Car,475,1/0/00
TM98684,Oregon,M,High School or Below,484228,35127,62,1/0/00,Personal Auto,Four-Door Car,297,1/0/00
AY18433,Washington,F,High School or Below,2738281,45473,76,1/0/00,Special Auto,Two-Door Car,188,1/0/00
DM74502,Nevada,F,College,522710,93087,131,1/3/00,Corporate Auto,Sports Car,628,1/3/00
FT56968,Arizona,M,High School or Below,259009,22398,67,1/2/00,Personal Auto,Four-Door Car,321,1/2/00
OX36896,Cali,M,High School or Below,1053607,92983,87,1/1/00,Corporate Auto,Four-Door Car,153,1/1/00
BZ65376,Arizona,M,Bachelor,858127,27689,239,1/2/00,Personal Auto,Luxury SUV,2893,1/2/00
LN34660,Cali,F,College,946311,69654,118,1/0/00,Corporate Auto,SUV,629,1/0/00
JC29295,Cali,F,Bachelor,1344100,80744,111,1/0/00,Personal Auto,SUV,361,1/0/00
KJ87930,Cali,F,Bachelor,388650,0,112,1/0/00,Corporate Auto,SUV,1185,1/0/00
XT36360,Arizona,F,High School or Below,678489,0,64,1/1/00,Personal Auto,Four-Door Car,460,1/1/00
IX35050,Arizona,M,Bachelor,2359468,76358,66,1/0/00,Special Auto,Four-Door Car,86,1/0/00
UN97379,Oregon,M,Bachelor,253862,18608,71,1/0/00,Corporate Auto,Four-Door Car,340,1/0/00
MR57294,Cali,M,High School or Below,563994,73168,70,1/0/00,Personal Auto,Four-Door Car,425,1/0/00
UG79499,Washington,M,Bachelor,1168137,70930,99,1/0/00,Personal Auto,Four-Door Car,190,1/0/00
UA50747,Washington,F,High School or Below,2599775,62262,72,1/0/00,Corporate Auto,Four-Door Car,193,1/0/00
GL20444,Nevada,F,Master,1377836,91474,113,1/0/00,Corporate Auto,Two-Door Car,24,1/0/00
SP58110,Cali,F,Bachelor,492318,61469,63,1/5/00,Personal Auto,Four-Door Car,302,1/5/00
XM91635,Arizona,F,High School or Below,227233,16618,62,1/0/00,Special Auto,Four-Door Car,219,1/0/00
TV82603,Cali,F,Bachelor,1489539,48081,188,1/0/00,Personal Auto,Luxury SUV,881,1/0/00
BB82067,Oregon,M,Doctor,975604,67632,121,1/0/00,Personal Auto,Sports Car,26,1/0/00
JP94676,Oregon,F,Bachelor,942297,34115,119,1/0/00,Personal Auto,SUV,466,1/0/00
VU53417,Arizona,M,High School or Below,383735,23051,99,1/0/00,Personal Auto,Two-Door Car,475,1/0/00
IW54795,Cali,M,College,1095213,23748,99,1/0/00,Personal Auto,Four-Door Car,607,1/0/00
RN78170,Arizona,F,College,815913,40589,69,1/0/00,Corporate Auto,Four-Door Car,331,1/0/00
IX55883,Cali,F,College,1948049,50809,83,1/0/00,Personal Auto,Four-Door Car,290,1/0/00
XM72420,Arizona,F,High School or Below,391936,66676,97,1/0/00,Personal Auto,Four-Door Car,558,1/0/00
GC15104,Nevada,F,Bachelor,798514,52339,70,1/3/00,Corporate Auto,Four-Door Car,336,1/3/00
RX13282,Oregon,M,Bachelor,1216874,14973,115,1/0/00,Personal Auto,SUV,828,1/0/00
QA85890,Arizona,F,High School or Below,584932,0,83,1/0/00,Corporate Auto,Four-Door Car,540,1/0/00
IR62668,Arizona,F,Bachelor,508583,31546,65,1/0/00,Personal Auto,Four-Door Car,100,1/0/00
AL96740,Cali,F,College,290393,67763,73,1/1/00,Personal Auto,Four-Door Car,59,1/1/00
SS48498,Washington,F,College,627317,20836,79,1/0/00,Corporate Auto,Four-Door Car,193,1/0/00
PE39479,Washington,M,College,1832141,88592,76,1/0/00,Corporate Auto,Four-Door Car,199,1/0/00
JH62891,Oregon,F,College,517870,66943,65,1/1/00,Special Auto,Four-Door Car,53,1/1/00
FI20423,Arizona,F,High School or Below,1402435,81872,115,1/0/00,Special Auto,Four-Door Car,256,1/0/00
PM13394,Washington,F,College,530943,22404,70,1/1/00,Personal Auto,Four-Door Car,211,1/1/00
YV67971,Cali,F,High School or Below,494980,21342,62,1/0/00,Personal Auto,Four-Door Car,74,1/0/00
QD31377,Cali,M,Bachelor,859566,34621,108,1/1/00,Corporate Auto,SUV,621,1/1/00
YG10247,Oregon,M,College,2295189,62396,64,1/0/00,Personal Auto,Four-Door Car,307,1/0/00
FE73696,Oregon,M,High School or Below,379213,97212,93,1/0/00,Personal Auto,Two-Door Car,360,1/0/00
SW19699,Arizona,F,Bachelor,275574,49648,70,1/0/00,Personal Auto,Four-Door Car,65,1/0/00
QJ40732,Arizona,M,College,488033,97984,61,1/1/00,Personal Auto,Four-Door Car,407,1/1/00
HM76207,Cali,F,College,905190,26308,114,1/0/00,Corporate Auto,SUV,547,1/0/00
NT59303,Oregon,F,College,1011544,63528,256,1/0/00,Personal Auto,Luxury Car,1228,1/0/00
PU41393,Nevada,M,College,826907,20225,114,1/1/00,Special Auto,SUV,547,1/1/00
QO86948,Nevada,M,High School or Below,807165,0,112,1/0/00,Personal Auto,SUV,806,1/0/00
QN10888,Oregon,F,High School or Below,772699,87620,64,1/0/00,Personal Auto,Four-Door Car,24,1/0/00
VY19543,Cali,F,Bachelor,831113,0,72,1/0/00,Corporate Auto,Four-Door Car,311,1/0/00
XC15133,Nevada,F,Master,257402,34990,65,1/0/00,Personal Auto,Four-Door Car,42,1/0/00
ST43550,Oregon,M,Bachelor,572732,99934,71,1/0/00,Special Auto,Four-Door Car,460,1/0/00
FX36546,Washington,M,Master,367914,60804,92,1/0/00,Personal Auto,Four-Door Car,213,1/0/00
JX68983,Oregon,M,Bachelor,274451,94648,69,1/0/00,Personal Auto,Four-Door Car,331,1/0/00
HX78576,Cali,F,High School or Below,563674,24516,71,1/0/00,Personal Auto,Four-Door Car,300,1/0/00
ZQ11381,Arizona,M,Bachelor,1687038,61063,85,1/0/00,Personal Auto,Four-Door Car,262,1/0/00
ON39271,Cali,M,Master,273800,0,74,1/0/00,Personal Auto,Two-Door Car,263,1/0/00
SB18278,Oregon,M,Bachelor,464470,0,64,1/0/00,Corporate Auto,Four-Door Car,307,1/0/00
ZT30559,Cali,F,High School or Below,474668,15169,63,1/0/00,Personal Auto,Four-Door Car,302,1/0/00
XI41106,Arizona,M,College,1687432,55390,71,1/0/00,Corporate Auto,Two-Door Car,256,1/0/00
ZS88847,Oregon,F,Bachelor,238760,27592,62,1/0/00,Personal Auto,Four-Door Car,297,1/0/00
RU49126,Washington,F,College,446533,61846,112,1/0/00,Personal Auto,SUV,215,1/0/00
KR62797,Arizona,F,High School or Below,459162,83297,113,1/0/00,Personal Auto,SUV,542,1/0/00
ZJ73220,Arizona,F,College,1309258,0,188,1/0/00,Special Auto,Luxury Car,1353,1/0/00
FY62633,Oregon,M,Bachelor,911226,0,90,1/0/00,Personal Auto,Four-Door Car,432,1/0/00
CU36986,Cali,F,High School or Below,416516,55897,104,1/0/00,Personal Auto,Four-Door Car,499,1/0/00
WZ53904,Arizona,M,Bachelor,265998,21297,71,1/0/00,Personal Auto,Four-Door Car,45,1/0/00
AA71604,Arizona,F,Master,1198659,87560,98,1/1/00,Personal Auto,Two-Door Car,470,1/1/00
TD10493,Oregon,F,High School or Below,289873,0,96,1/4/00,Personal Auto,Four-Door Car,691,1/4/00
LY97989,Oregon,F,Bachelor,289424,0,85,1/0/00,Personal Auto,Four-Door Car,408,1/0/00
VX39856,Arizona,F,Doctor,350045,89398,86,1/0/00,Personal Auto,Four-Door Car,82,1/0/00
TP51897,Cali,F,College,262180,36843,68,1/3/00,Corporate Auto,Four-Door Car,357,1/3/00
QQ89253,Oregon,F,College,1022180,0,134,1/0/00,Personal Auto,SUV,643,1/0/00
EI91403,Cali,M,High School or Below,257827,34946,65,1/0/00,Personal Auto,Two-Door Car,420,1/0/00
QG15435,Arizona,F,College,624259,75680,78,1/0/00,Personal Auto,Four-Door Car,136,1/0/00
FZ55002,Nevada,F,Doctor,522028,0,69,1/0/00,Personal Auto,Four-Door Car,331,1/0/00
HX77930,Washington,F,College,313643,49532,79,1/1/00,Personal Auto,Four-Door Car,220,1/1/00
UN37063,Arizona,M,Bachelor,452536,10269,65,1/0/00,Personal Auto,Two-Door Car,170,1/0/00
VB87946,Cali,M,College,497035,49714,63,1/3/00,Personal Auto,Four-Door Car,266,1/3/00
AB60627,Cali,M,High School or Below,1546778,77517,129,1/0/00,Corporate Auto,SUV,98,1/0/00
TA34903,Oregon,M,High School or Below,583889,81082,73,1/0/00,Personal Auto,Four-Door Car,281,1/0/00
AQ51368,Oregon,F,Bachelor,1065688,72540,88,1/0/00,Corporate Auto,Two-Door Car,631,1/0/00
NZ26102,Oregon,F,High School or Below,228961,0,65,1/0/00,Personal Auto,Four-Door Car,468,1/0/00
GB45753,Cali,M,High School or Below,543980,61546,68,1/0/00,Corporate Auto,Two-Door Car,29,1/0/00
BV79904,Cali,F,Master,795615,44818,67,1/1/00,Personal Auto,Two-Door Car,136,1/1/00
OB49075,Arizona,M,Bachelor,445811,17622,65,1/1/00,Personal Auto,Four-Door Car,312,1/1/00
DS97676,Oregon,F,College,255505,0,72,1/0/00,Personal Auto,Four-Door Car,518,1/0/00
JO63462,Cali,M,Bachelor,330799,79797,84,1/0/00,Corporate Auto,Two-Door Car,31,1/0/00
NJ10602,Washington,F,College,845905,92717,70,1/0/00,Personal Auto,Two-Door Car,224,1/0/00
RS24501,Oregon,F,College,1335012,28919,173,1/0/00,Personal Auto,SUV,830,1/0/00
VT78274,Arizona,M,College,493122,0,68,1/0/00,Personal Auto,Four-Door Car,480,1/0/00
SU56153,Nevada,M,Bachelor,777683,63568,65,1/0/00,Corporate Auto,Two-Door Car,390,1/0/00
MN20737,Nevada,F,College,255367,73935,64,1/1/00,Corporate Auto,Four-Door Car,72,1/1/00
KL43114,Arizona,F,High School or Below,487646,0,66,1/0/00,Corporate Auto,Two-Door Car,316,1/0/00
YQ15567,Oregon,F,Bachelor,903430,18846,115,1/0/00,Personal Auto,SUV,552,1/0/00
TR88637,Arizona,F,High School or Below,810591,38893,103,1/0/00,Personal Auto,SUV,41,1/0/00
TC88986,Oregon,M,High School or Below,561968,0,153,1/0/00,Special Auto,SUV,1027,1/0/00
XX88577,Cali,M,Bachelor,1572713,84824,196,1/0/00,Corporate Auto,SUV,319,1/0/00
NE49052,Cali,F,High School or Below,661801,20068,86,1/0/00,Corporate Auto,Four-Door Car,411,1/0/00
KX17826,Oregon,M,Doctor,467004,0,125,1/0/00,Corporate Auto,SUV,600,1/0/00
CC91503,Arizona,F,High School or Below,1016936,0,135,1/0/00,Personal Auto,Sports Car,648,1/0/00
WH32183,Cali,M,Bachelor,832307,97245,70,1/0/00,Personal Auto,Four-Door Car,4,1/0/00
ES90681,Cali,F,College,241776,51808,61,1/1/00,Personal Auto,Four-Door Car,351,1/1/00
DW96592,Cali,M,Bachelor,804487,71391,67,1/0/00,Personal Auto,Four-Door Car,284,1/0/00
MT23134,Oregon,M,High School or Below,532572,0,73,1/0/00,Personal Auto,Two-Door Car,496,1/0/00
BM69081,Arizona,M,Bachelor,694752,0,100,1/0/00,Personal Auto,SUV,925,1/0/00
MB90871,Oregon,F,College,584741,23496,77,1/0/00,Special Auto,Four-Door Car,13,1/0/00
GT62080,Washington,M,High School or Below,793690,55561,63,1/0/00,Personal Auto,Four-Door Car,227,1/0/00
QL77686,Nevada,F,College,472478,23986,119,1/0/00,Corporate Auto,SUV,463,1/0/00
ON77827,Arizona,F,Master,279022,22974,71,1/0/00,Personal Auto,Four-Door Car,180,1/0/00
KP18988,Oregon,F,High School or Below,2153133,0,101,1/0/00,Personal Auto,Four-Door Car,484,1/0/00
TI92884,Arizona,M,Bachelor,1262283,61844,106,1/0/00,Personal Auto,Sports Car,508,1/0/00
JH73503,Arizona,M,Doctor,2017196,24804,73,1/0/00,Personal Auto,Two-Door Car,350,1/0/00
YE97964,Cali,F,Bachelor,1646436,27760,104,1/0/00,Personal Auto,SUV,302,1/0/00
VA30351,Oregon,F,High School or Below,559538,74454,71,1/0/00,Personal Auto,Four-Door Car,340,1/0/00
PV55726,Oregon,F,Master,417068,29462,107,1/1/00,Personal Auto,SUV,513,1/1/00
UC88305,Arizona,F,College,266544,52266,68,1/0/00,Corporate Auto,Two-Door Car,141,1/0/00
TS53809,Oregon,M,Bachelor,709891,0,70,1/0/00,Personal Auto,Two-Door Car,349,1/0/00
ZV32120,Cali,M,Doctor,397134,23599,103,1/0/00,Corporate Auto,SUV,494,1/0/00
FB80807,Oregon,M,Bachelor,552821,36088,72,1/0/00,Personal Auto,Four-Door Car,345,1/0/00
AS55677,Cali,F,High School or Below,833899,70534,104,1/0/00,Personal Auto,Four-Door Car,54,1/0/00
WA15684,Oregon,M,College,3844585,27398,125,1/1/00,Personal Auto,SUV,600,1/1/00
SA50567,Nevada,M,Bachelor,544855,85296,68,1/0/00,Personal Auto,Four-Door Car,342,1/0/00
KJ31611,Arizona,M,High School or Below,1080806,31063,92,1/0/00,Personal Auto,Four-Door Car,441,1/0/00
VL37375,Cali,M,Bachelor,618509,0,92,1/0/00,Personal Auto,Two-Door Car,1027,1/0/00
KN21017,Nevada,M,High School or Below,320822,52367,81,1/0/00,Personal Auto,Four-Door Car,275,1/0/00
PX44289,Arizona,M,College,548010,58651,71,1/0/00,Personal Auto,Four-Door Car,472,1/0/00
AM97901,Nevada,F,College,2298615,84831,192,1/0/00,Special Auto,Sports Car,1336,1/0/00
RE42925,Oregon,M,Bachelor,1310792,49088,114,1/1/00,Corporate Auto,SUV,547,1/1/00
TR81766,Cali,F,College,746292,70263,93,1/0/00,Corporate Auto,Two-Door Car,7,1/0/00
CH85057,Oregon,F,Doctor,1146399,45354,285,1/0/00,Personal Auto,Luxury SUV,540,1/0/00
UP71482,Arizona,M,High School or Below,723613,0,63,1/0/00,Personal Auto,Four-Door Car,383,1/0/00
EG40670,Cali,F,Bachelor,623268,28334,83,1/0/00,Special Auto,Four-Door Car,537,1/0/00
HV83672,Oregon,F,Bachelor,2839332,38772,90,1/0/00,Personal Auto,Four-Door Car,321,1/0/00
MG10140,Oregon,F,College,374675,41479,94,1/1/00,Personal Auto,Two-Door Car,19,1/1/00
TC44716,Cali,M,Bachelor,2156933,23909,119,1/0/00,Personal Auto,SUV,571,1/0/00
QO65264,Cali,M,College,501208,48328,63,1/0/00,Personal Auto,Two-Door Car,108,1/0/00
EB66698,Cali,M,High School or Below,337185,86689,85,1/0/00,Corporate Auto,Two-Door Car,408,1/0/00
OT52034,Cali,M,Bachelor,386477,24204,99,1/1/00,Personal Auto,Four-Door Car,707,1/1/00
CH85444,Oregon,M,College,414571,25943,110,1/0/00,Corporate Auto,Two-Door Car,1067,1/0/00
PU85769,Cali,M,High School or Below,515607,0,73,1/0/00,Personal Auto,Four-Door Car,807,1/0/00
UI73201,Cali,M,College,366737,62375,92,1/0/00,Personal Auto,Two-Door Car,618,1/0/00
SL50592,Cali,F,High School or Below,783568,0,71,1/0/00,Corporate Auto,Four-Door Car,404,1/0/00
XP11075,Arizona,M,Bachelor,1456726,0,148,1/0/00,Personal Auto,SUV,710,1/0/00
SI31236,Oregon,M,Bachelor,1017133,70200,65,1/0/00,Corporate Auto,Four-Door Car,312,1/0/00
JN26745,Nevada,F,Bachelor,413577,0,112,1/0/00,Special Auto,Four-Door Car,707,1/0/00
VK48036,Oregon,F,College,551149,79027,70,1/0/00,Corporate Auto,Four-Door Car,336,1/0/00
JX76668,Washington,F,High School or Below,1131424,62935,141,1/0/00,Personal Auto,Sports Car,232,1/0/00
DS45802,Cali,F,High School or Below,541461,26893,68,1/0/00,Personal Auto,Four-Door Car,68,1/0/00
OA96690,Oregon,F,High School or Below,742159,47406,94,1/1/00,Personal Auto,Four-Door Car,287,1/1/00
EM27919,Cali,M,Bachelor,445811,17622,65,1/1/00,Personal Auto,Four-Door Car,312,1/1/00
QO41043,Oregon,F,College,1447612,27572,124,1/0/00,Corporate Auto,SUV,595,1/0/00
OV50124,Oregon,F,College,493688,0,72,1/2/00,Personal Auto,Two-Door Car,391,1/2/00
PR31642,Oregon,F,Bachelor,452527,32802,114,1/0/00,Personal Auto,SUV,547,1/0/00
BU41599,Washington,F,Master,558176,62739,70,1/0/00,Personal Auto,Two-Door Car,239,1/0/00
TK30357,Cali,F,Bachelor,1413434,90844,118,1/0/00,Personal Auto,SUV,232,1/0/00
NF31087,Nevada,F,High School or Below,2472318,44685,69,1/0/00,Personal Auto,Four-Door Car,331,1/0/00
NH16984,Cali,F,Bachelor,283806,0,80,1/0/00,Personal Auto,Four-Door Car,336,1/0/00
OS75493,Cali,F,High School or Below,384848,42589,98,1/0/00,Corporate Auto,Four-Door Car,470,1/0/00
VT63298,Oregon,M,Bachelor,1950447,0,72,1/0/00,Personal Auto,Four-Door Car,345,1/0/00
QS75550,Washington,F,Bachelors,248004,93383,62,1/0/00,Corporate Auto,Two-Door Car,244,1/0/00
SZ16483,Arizona,F,High School or Below,436137,79583,109,1/2/00,Personal Auto,Four-Door Car,523,1/2/00
VM92311,Arizona,F,High School or Below,252907,89129,64,1/0/00,Personal Auto,Four-Door Car,328,1/0/00
NJ46849,Arizona,M,College,250444,0,69,1/0/00,Personal Auto,Four-Door Car,496,1/0/00
WZ31900,Oregon,F,Bachelor,864970,94389,107,1/0/00,Corporate Auto,SUV,85,1/0/00
RG30482,Oregon,F,College,1366835,0,197,1/0/00,Personal Auto,SUV,1418,1/0/00
ZM86949,Oregon,F,High School or Below,2063508,84106,64,1/0/00,Personal Auto,Two-Door Car,334,1/0/00
QQ39596,Arizona,F,College,251753,0,69,1/0/00,Personal Auto,Four-Door Car,42,1/0/00
FH51383,Cali,F,High School or Below,532667,76717,66,1/0/00,Personal Auto,Two-Door Car,300,1/0/00
BJ53923,Arizona,M,High School or Below,260027,51978,66,1/0/00,Corporate Auto,Four-Door Car,144,1/0/00
CZ96653,Oregon,F,Bachelor,853479,47325,107,1/0/00,Personal Auto,SUV,64,1/0/00
FB23788,Oregon,M,High School or Below,882883,86721,111,1/0/00,Corporate Auto,SUV,532,1/0/00
NT43594,Nevada,F,Bachelor,224844,24910,63,1/1/00,Personal Auto,Four-Door Car,347,1/1/00
RJ85627,Washington,F,Bachelor,1230276,43817,62,1/1/00,Personal Auto,Four-Door Car,245,1/1/00
KJ86296,Oregon,M,High School or Below,455659,0,73,1/2/00,Personal Auto,Four-Door Car,525,1/2/00
PI47776,Oregon,F,Bachelor,253070,89451,63,1/0/00,Corporate Auto,Four-Door Car,61,1/0/00
MD73554,Cali,M,College,525198,59537,66,1/0/00,Personal Auto,Two-Door Car,316,1/0/00
UX92071,Oregon,M,High School or Below,674311,0,199,1/0/00,Personal Auto,Luxury SUV,955,1/0/00
YG44474,Oregon,M,College,1401472,54193,117,1/0/00,Corporate Auto,SUV,720,1/0/00
UH45301,Oregon,M,College,943891,86946,118,1/0/00,Personal Auto,Four-Door Car,340,1/0/00
RY92647,Cali,F,Bachelor,1050677,0,92,1/0/00,Personal Auto,Four-Door Car,546,1/0/00
IK12620,Arizona,F,High School or Below,421391,12160,109,1/0/00,Personal Auto,Four-Door Car,489,1/0/00
GQ66762,Cali,M,College,477368,33701,63,1/0/00,Personal Auto,Four-Door Car,171,1/0/00
YT69858,Washington,F,Bachelor,544142,85702,67,1/0/00,Personal Auto,Two-Door Car,249,1/0/00
XD85577,Cali,M,Bachelor,284226,69417,73,1/1/00,Personal Auto,Four-Door Car,30,1/1/00
TM65736,Oregon,M,Master,305955,38644,78,1/1/00,Personal Auto,Four-Door Car,361,1/1/00
VJ51327,Cali,F,High School or Below,2031499,63209,102,1/2/00,Personal Auto,SUV,207,1/2/00
GS98873,Arizona,F,Bachelor,323912,16061,88,1/0/00,Personal Auto,Four-Door Car,633,1/0/00
CW49887,California,F,Master,462680,79487,114,1/0/00,Special Auto,SUV,547,1/0/00
MY31220,California,F,College,899704,54230,112,1/0/00,Personal Auto,Two-Door Car,537,1/0/00
,,,,793690,39295,193,1/0/00,,,404,
